"SubscriptionId","SubscriptionName","VNetName","SubnetName","AddressPrefix","TotalConnectedResources","ConnectedVMs","ConnectedDevices"
"987e2911-c87e-414e-9483-9f14e199edef","ACUDN-Subscription-Prod","ACUDN-VN-EAU","Subnet-1","172.19.10.0/24","0","0","0"
"987e2911-c87e-414e-9483-9f14e199edef","ACUDN-Subscription-Prod","ACUDN-VN-EAU","GatewaySubnet","172.19.0.0/29","1","0","0"
"987e2911-c87e-414e-9483-9f14e199edef","ACUDN-Subscription-Prod","DtlDownerTestLab","DtlDownerTestLabSubnet","10.0.0.0/20","0","0","0"
"987e2911-c87e-414e-9483-9f14e199edef","ACUDN-Subscription-Prod","VNet-AustraliaEast","Green_CoreInfrastructure100","172.21.2.0/26","11","9","1"
"987e2911-c87e-414e-9483-9f14e199edef","ACUDN-Subscription-Prod","VNet-AustraliaEast","Green_3rdPartyJumpHosts100","172.21.4.0/26","0","0","0"
"987e2911-c87e-414e-9483-9f14e199edef","ACUDN-Subscription-Prod","VNet-AustraliaEast","Green_AppServers100","172.21.8.0/26","0","0","0"
"987e2911-c87e-414e-9483-9f14e199edef","ACUDN-Subscription-Prod","VNet-AustraliaEast","Green_Management100","172.21.16.0/26","2","2","0"
"987e2911-c87e-414e-9483-9f14e199edef","ACUDN-Subscription-Prod","VNet-AustraliaEast","Green_AppServers199","172.21.127.0/26","0","0","0"
"987e2911-c87e-414e-9483-9f14e199edef","ACUDN-Subscription-Prod","VNet-AustraliaEast","Green_AppServers179","172.21.193.0/26","0","0","0"
"987e2911-c87e-414e-9483-9f14e199edef","ACUDN-Subscription-Prod","VNet-AustraliaEast","Green_DatabaseServers179","172.21.197.0/26","0","0","0"
"987e2911-c87e-414e-9483-9f14e199edef","ACUDN-Subscription-Prod","VNet-AustraliaEast","DMZ_WebServers100","172.21.224.0/26","0","0","0"
"987e2911-c87e-414e-9483-9f14e199edef","ACUDN-Subscription-Prod","VNet-AustraliaEast","DMZ_AppServers100","172.21.225.0/26","1","1","0"
"987e2911-c87e-414e-9483-9f14e199edef","ACUDN-Subscription-Prod","VNet-AustraliaEast","DMZ_DatabaseServers100","172.21.226.0/26","0","0","0"
"987e2911-c87e-414e-9483-9f14e199edef","ACUDN-Subscription-Prod","VNet-AustraliaEast","Red_FirewallNVA100","172.21.248.0/26","1","1","0"
"987e2911-c87e-414e-9483-9f14e199edef","ACUDN-Subscription-Prod","VNet-AustraliaEast","DMZ_FirewallTransit100","172.21.227.0/26","1","1","0"
"987e2911-c87e-414e-9483-9f14e199edef","ACUDN-Subscription-Prod","VNet-AustraliaEast","Green_StorageServers100","172.21.9.0/24","0","0","0"
"987e2911-c87e-414e-9483-9f14e199edef","ACUDN-Subscription-Prod","VNet-AustraliaEast","Green_DatabaseServers199","172.21.131.0/26","0","0","0"
"987e2911-c87e-414e-9483-9f14e199edef","ACUDN-Subscription-Prod","VNet-AustraliaEast","Green_DatabaseServers100","172.21.12.0/26","0","0","0"
"987e2911-c87e-414e-9483-9f14e199edef","ACUDN-Subscription-Prod","VNet-AustraliaEast","Green_AdminJumpHosts100","172.21.3.0/26","0","0","0"
"987e2911-c87e-414e-9483-9f14e199edef","ACUDN-Subscription-Prod","VNet-AustraliaEast","GatewaySubnet","172.21.0.0/26","1","0","0"
"987e2911-c87e-414e-9483-9f14e199edef","ACUDN-Subscription-Prod","VNet-AustraliaEast","AzureBastionSubnet","172.21.0.64/26","1","0","0"
"987e2911-c87e-414e-9483-9f14e199edef","ACUDN-Subscription-Prod","VNet-AustraliaEast","SIEM_Subnet","172.21.0.128/26","2","2","0"
"987e2911-c87e-414e-9483-9f14e199edef","ACUDN-Subscription-Prod","VNet-AustraliaEast","SIEM_NSS","172.21.0.192/26","2","2","0"
"5a75d3bb-4842-4bb4-8cea-b524b09f8614","AU_NONPRD_SUB","repair-AUULTDW_VNET","repair-AUULTDW_Subnet","10.0.0.0/24","0","0","0"
"5a75d3bb-4842-4bb4-8cea-b524b09f8614","AU_NONPRD_SUB","repair-AUULTDW_VNET","repair-AUULTDW_Subnet","10.0.0.0/24","0","0","0"
"5a75d3bb-4842-4bb4-8cea-b524b09f8614","AU_NONPRD_SUB","vNET01-AU-NonProd-AUEast","sNET01-Temp-NonProd-AzMigrate-AUEast","10.0.0.0/24","0","0","0"
"5a75d3bb-4842-4bb4-8cea-b524b09f8614","AU_NONPRD_SUB","vNET01-AU-NonProd-Test-AUEast","sNET01-AU-NonProd-Test-AUEast","10.150.172.0/24","0","0","0"
"5a75d3bb-4842-4bb4-8cea-b524b09f8614","AU_NONPRD_SUB","vNET01-AU-NonProd-AUEast","sNET01-AU-NonProd-Internal-AUEast","10.150.148.0/23","73","56","17"
"5a75d3bb-4842-4bb4-8cea-b524b09f8614","AU_NONPRD_SUB","vNET01-AU-NonProd-AUEast","sNET01-AU-NonProd-Backend-AUEast","10.150.146.0/23","36","22","14"
"5a75d3bb-4842-4bb4-8cea-b524b09f8614","AU_NONPRD_SUB","vNET01-AU-NonProd-AUEast","sNET01-AU-NonProd-External-AUEast","10.150.150.0/23","9","4","3"
"5a75d3bb-4842-4bb4-8cea-b524b09f8614","AU_NONPRD_SUB","vNET01-AU-NonProd-AUEast","GatewaySubnet","10.150.144.0/26","0","0","0"
"5a75d3bb-4842-4bb4-8cea-b524b09f8614","AU_NONPRD_SUB","vNET01-AU-NonProd-AUEast","sNET01-Temp-NonProd-AzMigrate-AUEast","10.150.144.64/26","2","1","1"
"5a75d3bb-4842-4bb4-8cea-b524b09f8614","AU_NONPRD_SUB","vNET01-AU-NonProd-AUEast","sNET01-AU-NonProd-PriEndpoint-AUEast","10.150.144.128/26","19","0","19"
"5a75d3bb-4842-4bb4-8cea-b524b09f8614","AU_NONPRD_SUB","vNET01-AU-NonProd-AUEast","sNET01-AU-NonProd-SQLMI-AUEast","10.150.145.0/24","0","0","0"
"5a75d3bb-4842-4bb4-8cea-b524b09f8614","AU_NONPRD_SUB","vNET01-AU-NonProd-AUEast","sNET01-AU-NonProd-AMS-LAStdPlan-AUEast","10.150.144.192/26","0","0","0"
"5a75d3bb-4842-4bb4-8cea-b524b09f8614","AU_NONPRD_SUB","vNET01-AU-NonProd-AUEast","sNET01-AU-NonProd-ANFODI-AUEast","10.156.50.0/26","1","0","1"
"5a75d3bb-4842-4bb4-8cea-b524b09f8614","AU_NONPRD_SUB","dta-tu-vm-vnet","default","10.0.0.0/24","0","0","0"
"5a75d3bb-4842-4bb4-8cea-b524b09f8614","AU_NONPRD_SUB","VNET01-AU-JDEGS-NonProd-AUEast","sNET01-AU-JDEGS-NonProd-External-AUEast","10.150.216.32/27","2","2","0"
"5a75d3bb-4842-4bb4-8cea-b524b09f8614","AU_NONPRD_SUB","VNET01-AU-JDEGS-NonProd-AUEast","sNET01-AU-JDEGS-NonProd-Internal-AUEast","10.150.216.64/27","9","6","3"
"5a75d3bb-4842-4bb4-8cea-b524b09f8614","AU_NONPRD_SUB","VNET01-AU-JDEGS-NonProd-AUEast","sNET01-AU-JDEGS-NonProd-Backend-AUEast","10.150.216.0/27","0","0","0"
"5a75d3bb-4842-4bb4-8cea-b524b09f8614","AU_NONPRD_SUB","vNET01-AU-Test-AUEast","sNET01-AU-Test-Internal-AUEast","10.150.148.0/23","0","0","0"
"5a75d3bb-4842-4bb4-8cea-b524b09f8614","AU_NONPRD_SUB","vNET01-AU-Test-AUEast","AzureBastionSubnet","10.150.145.0/24","1","0","0"
"19996f19-25d4-4d2b-8932-1d975c6a2b7d","AU_PRD_SUB","repair-AUAZEDA_VNET","repair-AUAZEDA_Subnet","10.0.0.0/24","0","0","0"
"19996f19-25d4-4d2b-8932-1d975c6a2b7d","AU_PRD_SUB","dmolokovVNET","dmolokovSubnet","10.0.0.0/24","0","0","0"
"19996f19-25d4-4d2b-8932-1d975c6a2b7d","AU_PRD_SUB","vNET01-AU-Prod-Test-AUEast","sNET01-AU-Prod-Test-AUEast","10.150.36.0/24","0","0","0"
"19996f19-25d4-4d2b-8932-1d975c6a2b7d","AU_PRD_SUB","vNET01-AU-Prod-AUEast","sNET01-AU-Prod-Internal-AUEast","10.150.12.0/23","207","187","19"
"19996f19-25d4-4d2b-8932-1d975c6a2b7d","AU_PRD_SUB","vNET01-AU-Prod-AUEast","sNET01-AU-Prod-SQLMI-AUEast","10.150.9.0/24","0","0","0"
"19996f19-25d4-4d2b-8932-1d975c6a2b7d","AU_PRD_SUB","vNET01-AU-Prod-AUEast","sNET01-AU-Prod-Backend-AUEast","10.150.10.0/23","101","26","75"
"19996f19-25d4-4d2b-8932-1d975c6a2b7d","AU_PRD_SUB","vNET01-AU-Prod-AUEast","sNET01-AU-Prod-AMS-LAStdPlan-AUEast","10.150.8.0/26","0","0","0"
"19996f19-25d4-4d2b-8932-1d975c6a2b7d","AU_PRD_SUB","vNET01-AU-Prod-AUEast","snet-australiaeast-1","10.150.8.128/25","0","0","0"
"19996f19-25d4-4d2b-8932-1d975c6a2b7d","AU_PRD_SUB","vNET01-AU-Prod-AUEast","sNET01-AU-Prod-External-AUEast","10.150.14.0/23","69","8","61"
"19996f19-25d4-4d2b-8932-1d975c6a2b7d","AU_PRD_SUB","VNET01-AU-JDEGS-Prod-AUEast","sNET01-AU-JDEGS-Prod-External-AUEast","10.150.51.32/27","4","4","0"
"19996f19-25d4-4d2b-8932-1d975c6a2b7d","AU_PRD_SUB","VNET01-AU-JDEGS-Prod-AUEast","sNET01-AU-JDEGS-Prod-Internal-AUEast","10.150.51.64/27","13","8","5"
"19996f19-25d4-4d2b-8932-1d975c6a2b7d","AU_PRD_SUB","VNET01-AU-JDEGS-Prod-AUEast","sNET01-AU-JDEGS-Prod-Backend-AUEast","10.150.51.0/27","2","2","0"
"bf624d28-560c-4932-8410-77233b811e6c","AU_SANDBOX_SUB","vNET01-AU-SandBox-AUEast","sNET01-AU-SandBox-External-AUEast","172.97.14.0/23","0","0","0"
"bf624d28-560c-4932-8410-77233b811e6c","AU_SANDBOX_SUB","vNET01-AU-SandBox-AUEast","sNET01-AU-SandBox-Backend-AUEast","172.97.10.0/23","0","0","0"
"bf624d28-560c-4932-8410-77233b811e6c","AU_SANDBOX_SUB","vNET01-AU-SandBox-AUEast","sNET01-AU-SandBox-Internal-AUEast","172.97.12.0/23","0","0","0"
"bf624d28-560c-4932-8410-77233b811e6c","AU_SANDBOX_SUB","vNET01-AU-SandBox-AUEast","GatewaySubnet","172.97.8.0/26","0","0","0"
"bf624d28-560c-4932-8410-77233b811e6c","AU_SANDBOX_SUB","digitalengineeringnz_vNet1414442","default","10.1.0.0/24","1","1","0"
"bf624d28-560c-4932-8410-77233b811e6c","AU_SANDBOX_SUB","southernprocessing_vNet9160719","default","10.0.0.0/24","0","0","0"
"bf624d28-560c-4932-8410-77233b811e6c","AU_SANDBOX_SUB","RG-Sandbox-POV003CloudLearning-AUEast-vnet","default","10.0.0.0/24","6","5","1"
"bf624d28-560c-4932-8410-77233b811e6c","AU_SANDBOX_SUB","RG-Sandbox-ZH_RiskClassification-AZE-vnet","default","10.0.0.0/24","6","0","4"
"8611c1c3-edb0-44fa-8ea2-d9d0b55caaaa","AU_TCS_NONPRD_SUB","helios-sftp-2-dev-vnet","subnet01","10.0.1.0/24","0","0","0"
"8611c1c3-edb0-44fa-8ea2-d9d0b55caaaa","AU_TCS_NONPRD_SUB","helios-sftp-2-test-vnet","subnet01","10.0.1.0/24","0","0","0"
"8611c1c3-edb0-44fa-8ea2-d9d0b55caaaa","AU_TCS_NONPRD_SUB","legato-sftp-dev-vnet","subnet01","10.0.1.0/24","0","0","0"
"8611c1c3-edb0-44fa-8ea2-d9d0b55caaaa","AU_TCS_NONPRD_SUB","legato-sftp-test-vnet","subnet01","10.0.1.0/24","0","0","0"
"8611c1c3-edb0-44fa-8ea2-d9d0b55caaaa","AU_TCS_NONPRD_SUB","legato-sftp-uat-vnet","subnet01","10.0.1.0/24","0","0","0"
"8611c1c3-edb0-44fa-8ea2-d9d0b55caaaa","AU_TCS_NONPRD_SUB","aks-vnet-12468470","aks-subnet","10.224.0.0/16","0","0","0"
"8611c1c3-edb0-44fa-8ea2-d9d0b55caaaa","AU_TCS_NONPRD_SUB","vm-operational-hours-dev-vnet","default","10.0.0.0/24","1","1","0"
"8611c1c3-edb0-44fa-8ea2-d9d0b55caaaa","AU_TCS_NONPRD_SUB","vm-operational-hours-test-vnet","default","10.0.0.0/24","1","1","0"
"8611c1c3-edb0-44fa-8ea2-d9d0b55caaaa","AU_TCS_NONPRD_SUB","harvest-vnet","default","10.6.0.0/24","1","0","1"
"8611c1c3-edb0-44fa-8ea2-d9d0b55caaaa","AU_TCS_NONPRD_SUB","arcgisvnetdev","default","10.0.0.0/24","9","9","0"
"8611c1c3-edb0-44fa-8ea2-d9d0b55caaaa","AU_TCS_NONPRD_SUB","arcgisvnetdev","appGatewaySubnet","10.0.1.0/28","0","0","0"
"8611c1c3-edb0-44fa-8ea2-d9d0b55caaaa","AU_TCS_NONPRD_SUB","arcgisvnetdev","AzureBastionSubnet","10.0.1.64/26","0","0","0"
"8611c1c3-edb0-44fa-8ea2-d9d0b55caaaa","AU_TCS_NONPRD_SUB","arcgistestvnet","appGatewaySubnet","10.0.1.0/28","0","0","0"
"8611c1c3-edb0-44fa-8ea2-d9d0b55caaaa","AU_TCS_NONPRD_SUB","arcgistestvnet","default","10.0.0.0/24","9","9","0"
"8611c1c3-edb0-44fa-8ea2-d9d0b55caaaa","AU_TCS_NONPRD_SUB","DtlDevTestPOC","DtlDevTestPOCSubnet","10.0.0.0/20","0","0","0"
"8611c1c3-edb0-44fa-8ea2-d9d0b55caaaa","AU_TCS_NONPRD_SUB","workers-vnet","public-subnet","10.139.0.0/18","0","0","0"
"8611c1c3-edb0-44fa-8ea2-d9d0b55caaaa","AU_TCS_NONPRD_SUB","workers-vnet","private-subnet","10.139.64.0/18","0","0","0"
"8611c1c3-edb0-44fa-8ea2-d9d0b55caaaa","AU_TCS_NONPRD_SUB","workers-vnet","public-subnet","10.139.0.0/18","0","0","0"
"8611c1c3-edb0-44fa-8ea2-d9d0b55caaaa","AU_TCS_NONPRD_SUB","workers-vnet","private-subnet","10.139.64.0/18","0","0","0"
"8611c1c3-edb0-44fa-8ea2-d9d0b55caaaa","AU_TCS_NONPRD_SUB","vNET01-EU-Dev-AUEast","SNET-DBW-DEV-IFUTIL-AZE02-PRIVATE","10.156.64.0/24","0","0","0"
"8611c1c3-edb0-44fa-8ea2-d9d0b55caaaa","AU_TCS_NONPRD_SUB","vNET01-EU-Dev-AUEast","SNET-DBW-DEV-IFUTIL-AZE02-PUBLIC","10.156.65.0/28","0","0","0"
"8611c1c3-edb0-44fa-8ea2-d9d0b55caaaa","AU_TCS_NONPRD_SUB","RG-DEV-ODS-AUEast-vnet","default","10.0.1.0/24","3","0","3"
"8611c1c3-edb0-44fa-8ea2-d9d0b55caaaa","AU_TCS_NONPRD_SUB","utilarchdevcur001-vnet","default","10.10.0.0/24","1","1","0"
"8611c1c3-edb0-44fa-8ea2-d9d0b55caaaa","AU_TCS_NONPRD_SUB","vm-dev-arch-langflow-vnet","default","10.5.0.0/24","2","1","1"
"8611c1c3-edb0-44fa-8ea2-d9d0b55caaaa","AU_TCS_NONPRD_SUB","VNET-UTILOPENAIGPT-DEV-AUE001","SNET-UTILOPENAIGPT-DEV-AUE001","11.7.0.0/24","0","0","0"
"8611c1c3-edb0-44fa-8ea2-d9d0b55caaaa","AU_TCS_NONPRD_SUB","VNET-UTILOPENAIGPT-DEV-AUE001","SNET-APPSERV-UTILOPENAIGPT-DEV-AUE001","11.7.1.0/24","0","0","0"
"8611c1c3-edb0-44fa-8ea2-d9d0b55caaaa","AU_TCS_NONPRD_SUB","vNET001-AU_TCS_NONPRD-AZE","default","172.16.0.0/24","1","0","1"
"8611c1c3-edb0-44fa-8ea2-d9d0b55caaaa","AU_TCS_NONPRD_SUB","vNET001-AU_TCS_NONPRD-AZE","AzureFirewallSubnet","172.16.1.64/26","0","0","0"
"8611c1c3-edb0-44fa-8ea2-d9d0b55caaaa","AU_TCS_NONPRD_SUB","vNET001-AU_TCS_NONPRD-AZE","Subnet001-AU_TCS_NONPRD-ORA-Secured-AZE","172.16.2.0/24","1","0","1"
"8611c1c3-edb0-44fa-8ea2-d9d0b55caaaa","AU_TCS_NONPRD_SUB","vNET001-AU_TCS_NONPRD-AZE","AzureBastionSubnet","172.16.1.0/26","0","0","0"
"8611c1c3-edb0-44fa-8ea2-d9d0b55caaaa","AU_TCS_NONPRD_SUB","RG-TCS-DevOpsServices01-AUEast-vnet","default","10.0.3.0/24","1","0","1"
"8611c1c3-edb0-44fa-8ea2-d9d0b55caaaa","AU_TCS_NONPRD_SUB","RG-TCS-ProjectServices01-AUEast-vnet","default","10.21.0.0/24","6","2","4"
"8611c1c3-edb0-44fa-8ea2-d9d0b55caaaa","AU_TCS_NONPRD_SUB","RG-TCS-ProjectServices01-AUEast-vnet","subnet2","10.21.1.0/24","0","0","0"
"8611c1c3-edb0-44fa-8ea2-d9d0b55caaaa","AU_TCS_NONPRD_SUB","RG-TCS-ProjectServices01-AUEast-vnet","AzureBastionSubnet","10.21.2.64/26","0","0","0"
"8611c1c3-edb0-44fa-8ea2-d9d0b55caaaa","AU_TCS_NONPRD_SUB","RG-TEST-DesignServices-AUEast-vnet","default","10.0.2.0/24","2","1","1"
"8611c1c3-edb0-44fa-8ea2-d9d0b55caaaa","AU_TCS_NONPRD_SUB","RG-TEST-DesignServices-AUEast-vnet","AzureBastionSubnet","10.3.0.0/27","1","0","0"
"8611c1c3-edb0-44fa-8ea2-d9d0b55caaaa","AU_TCS_NONPRD_SUB","vNET01-EU-Test-AUEast","SNET-DBW-TST-IFUTIL-AZE02-PRIVATE","10.156.66.0/24","0","0","0"
"8611c1c3-edb0-44fa-8ea2-d9d0b55caaaa","AU_TCS_NONPRD_SUB","vNET01-EU-Test-AUEast","SNET-DBW-TST-IFUTIL-AZE02-PUBLIC","10.156.67.0/28","0","0","0"
"8611c1c3-edb0-44fa-8ea2-d9d0b55caaaa","AU_TCS_NONPRD_SUB","github-runner-vnet","default","10.7.0.0/24","2","1","1"
"8611c1c3-edb0-44fa-8ea2-d9d0b55caaaa","AU_TCS_NONPRD_SUB","github-runner-vnet","AzureBastionSubnet","10.7.1.0/26","0","0","0"
"8611c1c3-edb0-44fa-8ea2-d9d0b55caaaa","AU_TCS_NONPRD_SUB","jenkins-serverVNET","jenkins-serverSubnet","10.0.0.0/24","1","0","1"
"8611c1c3-edb0-44fa-8ea2-d9d0b55caaaa","AU_TCS_NONPRD_SUB","RG_DEV_UTIL_ODW_vnet","default","10.0.0.0/24","0","0","0"
"8611c1c3-edb0-44fa-8ea2-d9d0b55caaaa","AU_TCS_NONPRD_SUB","RG_DEV_UTIL_ODW_vnet","AzureBastionSubnet","10.0.1.0/26","0","0","0"
"8611c1c3-edb0-44fa-8ea2-d9d0b55caaaa","AU_TCS_NONPRD_SUB","RG_TCS_AIS_UAT-vnet","default","10.1.0.0/24","0","0","0"
"8611c1c3-edb0-44fa-8ea2-d9d0b55caaaa","AU_TCS_NONPRD_SUB","RG_TCS_SC_UAT-vnet","default","10.0.0.0/24","1","0","1"
"8611c1c3-edb0-44fa-8ea2-d9d0b55caaaa","AU_TCS_NONPRD_SUB","RG_TCS_SC_UAT-vnet","AzureBastionSubnet","10.2.2.0/27","1","0","0"
"8611c1c3-edb0-44fa-8ea2-d9d0b55caaaa","AU_TCS_NONPRD_SUB","RG_UTILITIES_PG_VMs_NONPROD_AUEast-vnet","default","10.4.0.0/24","0","0","0"
"8611c1c3-edb0-44fa-8ea2-d9d0b55caaaa","AU_TCS_NONPRD_SUB","RG_UTILITIES_PG_VMs_NONPROD_AUEast-vnet","AzureBastionSubnet","10.4.1.0/26","1","0","0"
"8611c1c3-edb0-44fa-8ea2-d9d0b55caaaa","AU_TCS_NONPRD_SUB","DtlProjectPicasso","DtlProjectPicassoSubnet","10.0.0.0/20","4","0","4"
"8611c1c3-edb0-44fa-8ea2-d9d0b55caaaa","AU_TCS_NONPRD_SUB","DtlProjectPicasso","AzureBastionSubnet","8.0.0.0/26","0","0","0"
"8611c1c3-edb0-44fa-8ea2-d9d0b55caaaa","AU_TCS_NONPRD_SUB","solidworks-pdm-test","default","10.8.0.0/24","1","0","1"
"8611c1c3-edb0-44fa-8ea2-d9d0b55caaaa","AU_TCS_NONPRD_SUB","solidworks-pdm-test","AzureBastionSubnet","10.8.1.0/26","0","0","0"
"8611c1c3-edb0-44fa-8ea2-d9d0b55caaaa","AU_TCS_NONPRD_SUB","solidworks-pdm-test-2","default","10.9.0.0/24","0","0","0"
"8611c1c3-edb0-44fa-8ea2-d9d0b55caaaa","AU_TCS_NONPRD_SUB","solidworks-pdm-test-2","AzureBastionSubnet","10.9.1.0/26","0","0","0"
"8611c1c3-edb0-44fa-8ea2-d9d0b55caaaa","AU_TCS_NONPRD_SUB","webtools-vn","subnet","10.0.1.0/24","0","0","0"
"8611c1c3-edb0-44fa-8ea2-d9d0b55caaaa","AU_TCS_NONPRD_SUB","webtools-vn","default","10.0.0.0/24","4","0","2"
"f9ffc81a-4b89-46bd-99c2-8aa43253808a","AU_TCS_PRD_SUB","DownerChronicleVPS2-vnet","default","10.0.1.0/24","1","1","0"
"f9ffc81a-4b89-46bd-99c2-8aa43253808a","AU_TCS_PRD_SUB","helios-sftp-2-prod-vnet","subnet01","10.0.1.0/24","0","0","0"
"f9ffc81a-4b89-46bd-99c2-8aa43253808a","AU_TCS_PRD_SUB","legato-sftp-prod-vnet","subnet01","10.0.1.0/24","0","0","0"
"f9ffc81a-4b89-46bd-99c2-8aa43253808a","AU_TCS_PRD_SUB","arcgisprodvnet","default","10.0.0.0/24","9","9","0"
"f9ffc81a-4b89-46bd-99c2-8aa43253808a","AU_TCS_PRD_SUB","arcgisprodvnet","appGatewaySubnet","10.0.1.0/28","0","0","0"
"f9ffc81a-4b89-46bd-99c2-8aa43253808a","AU_TCS_PRD_SUB","workers-vnet","public-subnet","10.139.0.0/18","0","0","0"
"f9ffc81a-4b89-46bd-99c2-8aa43253808a","AU_TCS_PRD_SUB","workers-vnet","private-subnet","10.139.64.0/18","0","0","0"
"f9ffc81a-4b89-46bd-99c2-8aa43253808a","AU_TCS_PRD_SUB","vNET01-EU-Prod-AUEast","SNET-DBW-PRD-IFUTIL-AZE02-PRIVATE","10.156.68.0/24","0","0","0"
"f9ffc81a-4b89-46bd-99c2-8aa43253808a","AU_TCS_PRD_SUB","vNET01-EU-Prod-AUEast","SNET-DBW-PRD-IFUTIL-AZE02-PUBLIC","10.156.69.0/28","0","0","0"
"f9ffc81a-4b89-46bd-99c2-8aa43253808a","AU_TCS_PRD_SUB","RG-TCS-ProjectServices01-AUEast-vnet","default","10.0.1.0/24","1","0","1"
"f9ffc81a-4b89-46bd-99c2-8aa43253808a","AU_TCS_PRD_SUB","RG-TCS-WirelessServices01-AUEast-vnet","default","10.0.0.0/24","1","1","0"
"f9ffc81a-4b89-46bd-99c2-8aa43253808a","AU_TCS_PRD_SUB","RG-TCS-WirelessServices01-AUEast-vnet","AzureBastionSubnet","10.3.1.0/27","1","0","0"
"7e57bdd9-bced-4d85-a9f2-f1e63e7fbfc2","CONNECTIVITY_SUB_01","vNET01-Con-Prod-AUEast","AzureBastionSubnet","10.150.83.0/26","0","0","0"
"7e57bdd9-bced-4d85-a9f2-f1e63e7fbfc2","CONNECTIVITY_SUB_01","vNET01-Con-Prod-AUEast","sNET01-CONNECTIVITY_SUB_01-Internal-AUEast","10.150.80.0/24","7","7","0"
"7e57bdd9-bced-4d85-a9f2-f1e63e7fbfc2","CONNECTIVITY_SUB_01","vNET01-Con-Prod-AUEast","sNET01-CONNECTIVITY_SUB_01-Backend-AUEast","10.150.81.0/24","0","0","0"
"7e57bdd9-bced-4d85-a9f2-f1e63e7fbfc2","CONNECTIVITY_SUB_01","vNET01-Con-Prod-AUEast","sNET01-CONNECTIVITY_SUB_01-Frontend-AUEast","10.150.82.0/24","3","2","1"
"7e57bdd9-bced-4d85-a9f2-f1e63e7fbfc2","CONNECTIVITY_SUB_01","vNET01-PRD-Hub_Ext_01","dns-resolver-ruleset","10.156.76.32/28","0","0","0"
"7e57bdd9-bced-4d85-a9f2-f1e63e7fbfc2","CONNECTIVITY_SUB_01","vNET01-PRD-Hub_Ext_01","dns-resolver-inbound","10.156.76.0/28","1","0","0"
"7e57bdd9-bced-4d85-a9f2-f1e63e7fbfc2","CONNECTIVITY_SUB_01","vNET01-PRD-Hub_Ext_01","dns-resolver-outbound","10.156.76.16/28","0","0","0"
"7e57bdd9-bced-4d85-a9f2-f1e63e7fbfc2","CONNECTIVITY_SUB_01","vNET01-PRD-Hub_Ext_02","AzureBastionSubnet","10.156.77.0/25","0","0","0"
"7e57bdd9-bced-4d85-a9f2-f1e63e7fbfc2","CONNECTIVITY_SUB_01","SMTP-Test-Vnet","default","10.2.0.0/24","0","0","0"
"13e3cbb2-36fd-4984-b363-6e05a2d875f5","CORP_IaaS_PRD_SUB_01","vNET01-IaaS_Prod","sNET01-CORP_IaaS_PRD_SUB_01-Backend","10.156.45.0/24","0","0","0"
"13e3cbb2-36fd-4984-b363-6e05a2d875f5","CORP_IaaS_PRD_SUB_01","vNET01-IaaS_Prod","sNET01-CORP_IaaS_PRD_SUB_01-Frontend","10.156.46.0/24","0","0","0"
"13e3cbb2-36fd-4984-b363-6e05a2d875f5","CORP_IaaS_PRD_SUB_01","vNET01-IaaS_Prod","sNET01-CORP_IaaS_PRD_SUB_01-Internal","10.156.44.0/24","3","3","0"
"13e3cbb2-36fd-4984-b363-6e05a2d875f5","CORP_IaaS_PRD_SUB_01","vNET01-IaaS_Prod-AUEast","sNET01-CORP_IaaS_PRD_SUB_01-Internal-AUEast","10.151.96.0/24","0","0","0"
"13e3cbb2-36fd-4984-b363-6e05a2d875f5","CORP_IaaS_PRD_SUB_01","vNET01-IaaS_Prod-AUEast","sNET01-CORP_IaaS_PRD_SUB_01-Backend-AUEast","10.151.97.0/24","0","0","0"
"13e3cbb2-36fd-4984-b363-6e05a2d875f5","CORP_IaaS_PRD_SUB_01","vNET01-IaaS_Prod-AUEast","sNET01-CORP_IaaS_PRD_SUB_01-Frontend-AUEast","10.151.98.0/24","0","0","0"
"d46c29d4-e7cd-49d5-9ed0-3a0fe1996639","CORP_LEGACY_SUB","vNET01-Legacy-Prod-AUEast","sNET01-CORP_LEGACY_SUB-Internal-AUEast","10.150.84.0/25","0","0","0"
"d46c29d4-e7cd-49d5-9ed0-3a0fe1996639","CORP_LEGACY_SUB","vNET01-Legacy-Prod-AUEast","sNET01-CORP_LEGACY_SUB-Backend-AUEast","10.150.84.128/25","0","0","0"
"d46c29d4-e7cd-49d5-9ed0-3a0fe1996639","CORP_LEGACY_SUB","vNET01-Legacy-Prod-AUEast","sNET01-CORP_LEGACY_SUB-Frontend-AUEast","10.150.85.0/25","0","0","0"
"1fa579cd-9105-40d6-8f7e-c6889a7abd7d","CORP_NONPRD_SUB_01","vNET01-AU-NonProd-AUEast","sNET01-CORP_NONPRD_SUB_01-Internal-AUEast","10.150.72.0/23","0","0","0"
"1fa579cd-9105-40d6-8f7e-c6889a7abd7d","CORP_NONPRD_SUB_01","vNET01-AU-NonProd-AUEast","sNET01-CORP_NONPRD_SUB_01-Frontend-AUEast","10.150.76.0/23","0","0","0"
"1fa579cd-9105-40d6-8f7e-c6889a7abd7d","CORP_NONPRD_SUB_01","vNET01-AU-NonProd-AUEast","AzureBastionSubnet","10.150.78.0/26","0","0","0"
"1fa579cd-9105-40d6-8f7e-c6889a7abd7d","CORP_NONPRD_SUB_01","vNET01-AU-NonProd-AUEast","AppGatewaySubnet","10.150.78.64/27","0","0","0"
"1fa579cd-9105-40d6-8f7e-c6889a7abd7d","CORP_NONPRD_SUB_01","vNET01-AU-NonProd-AUEast","sNET01-CORP_NONPRD_SUB_01-Backend-AUEast","10.150.74.0/23","0","0","0"
"1e8c9198-4385-4afe-8cb4-8a3c7ed4278b","CORP_NONPROD_BSC_SUB","workers-vnet","public-subnet","10.139.0.0/18","0","0","0"
"1e8c9198-4385-4afe-8cb4-8a3c7ed4278b","CORP_NONPROD_BSC_SUB","workers-vnet","private-subnet","10.139.64.0/18","0","0","0"
"1e8c9198-4385-4afe-8cb4-8a3c7ed4278b","CORP_NONPROD_BSC_SUB","workers-vnet","public-subnet","10.139.0.0/18","0","0","0"
"1e8c9198-4385-4afe-8cb4-8a3c7ed4278b","CORP_NONPROD_BSC_SUB","workers-vnet","private-subnet","10.139.64.0/18","0","0","0"
"1e8c9198-4385-4afe-8cb4-8a3c7ed4278b","CORP_NONPROD_BSC_SUB","vNET01-BSC-Dev-AUEast","SNET-DBW-DEV-IFBSC-AZE02-PRIVATE","10.156.70.0/24","0","0","0"
"1e8c9198-4385-4afe-8cb4-8a3c7ed4278b","CORP_NONPROD_BSC_SUB","vNET01-BSC-Dev-AUEast","SNET-DBW-DEV-IFBSC-AZE02-PUBLIC","10.156.71.0/28","0","0","0"
"1e8c9198-4385-4afe-8cb4-8a3c7ed4278b","CORP_NONPROD_BSC_SUB","vNET01-BSC-Test-AUEast","SNET-DBW-TST-IFBSC-AZE02-PRIVATE","10.156.72.0/24","0","0","0"
"1e8c9198-4385-4afe-8cb4-8a3c7ed4278b","CORP_NONPROD_BSC_SUB","vNET01-BSC-Test-AUEast","SNET-DBW-TST-IFBSC-AZE02-PUBLIC","10.156.73.0/28","0","0","0"
"0f29bbf2-e1f1-4bbb-89f7-992c2eb50847","CORP_NONPROD_BSC_SUB_01","vNET-AE-NONPROD-COGNIX-01","SNET-COGNIX-PE","10.156.49.96/28","0","0","0"
"0f29bbf2-e1f1-4bbb-89f7-992c2eb50847","CORP_NONPROD_BSC_SUB_01","vNET-AE-NONPROD-COGNIX-01","SNET-COGNIX-FRONTEND","10.156.49.64/28","1","1","0"
"0f29bbf2-e1f1-4bbb-89f7-992c2eb50847","CORP_NONPROD_BSC_SUB_01","vNET-AE-NONPROD-COGNIX-01","SNET-COGNIX-BACKEND","10.156.49.80/28","1","1","0"
"0b35784b-2371-4c61-b78f-9e98a04f9e62","CORP_NONPROD_IGNIO_SUB","vNET-AE-NONPROD-IGNIO-01","SNET-IGNIO","10.156.33.128/26","1","1","0"
"0b35784b-2371-4c61-b78f-9e98a04f9e62","CORP_NONPROD_IGNIO_SUB","vNET-AE-NONPROD-IGNIO-01","AzureBastionSubnet","10.156.33.192/26","0","0","0"
"ec0554b9-8dec-4e39-92ee-95762a6b1812","CORP_NONPROD_TI_SUB","vNET-AE-NONPROD-TI-01","SNET-TI-CORE","10.156.40.0/24","0","0","0"
"59f2cb63-7f82-4aef-8826-573b09757a48","CORP_PaaS_PRD_SUB_01","vNET01-PaaS_Prod-AUEast","sNET01-CORP_PaaS_PRD_SUB_01-Internal-AUEast","10.150.248.0/23","0","0","0"
"59f2cb63-7f82-4aef-8826-573b09757a48","CORP_PaaS_PRD_SUB_01","vNET01-PaaS_Prod-AUEast","sNET01-CORP_PaaS_PRD_SUB_01-Backend-AUEast","10.150.250.0/23","0","0","0"
"59f2cb63-7f82-4aef-8826-573b09757a48","CORP_PaaS_PRD_SUB_01","vNET01-PaaS_Prod-AUEast","sNET01-CORP_PaaS_PRD_SUB_01-Frontend-AUEast","10.150.252.0/23","0","0","0"
"59f2cb63-7f82-4aef-8826-573b09757a48","CORP_PaaS_PRD_SUB_01","vNET01-PaaS_Prod-AUEast","sNET01-CORP_PaaS_PRD_SUB_01-PrivateEndpoint-AUEast","10.150.254.0/23","0","0","0"
"594f1df0-6335-4e21-a485-dbf5e523d727","CORP_PROD_BSC_SUB","workers-vnet","public-subnet","10.139.0.0/18","0","0","0"
"594f1df0-6335-4e21-a485-dbf5e523d727","CORP_PROD_BSC_SUB","workers-vnet","private-subnet","10.139.64.0/18","0","0","0"
"594f1df0-6335-4e21-a485-dbf5e523d727","CORP_PROD_BSC_SUB","vNET01-BSC-Prod-AUEast","SNET-DBW-PRD-IFBSC-AZE02-PRIVATE","10.156.74.0/24","0","0","0"
"594f1df0-6335-4e21-a485-dbf5e523d727","CORP_PROD_BSC_SUB","vNET01-BSC-Prod-AUEast","SNET-DBW-PRD-IFBSC-AZE02-PUBLIC","10.156.75.0/28","0","0","0"
"33556225-499d-450e-a6ef-8da6d10c8bf7","CORP_PROD_BSC_SUB_01","vNET-AE-PROD-COGNIX-01","SNET-COGNIX-PE","10.156.49.32/28","0","0","0"
"33556225-499d-450e-a6ef-8da6d10c8bf7","CORP_PROD_BSC_SUB_01","vNET-AE-PROD-COGNIX-01","SNET-COGNIX-FRONTEND","10.156.49.0/28","1","1","0"
"33556225-499d-450e-a6ef-8da6d10c8bf7","CORP_PROD_BSC_SUB_01","vNET-AE-PROD-COGNIX-01","SNET-COGNIX-BACKEND","10.156.49.16/28","1","1","0"
"cef12620-b363-42d7-a4b6-d2e92581055a","CORP_PROD_IGNIO_SUB","vNET-AE-PROD-IGNIO-01","SNET-IGNIO","10.156.33.0/26","2","2","0"
"cef12620-b363-42d7-a4b6-d2e92581055a","CORP_PROD_IGNIO_SUB","vNET-AE-PROD-IGNIO-01","AzureBastionSubnet","10.156.33.64/26","0","0","0"
"9adcb532-5ce0-48be-b3c1-e54e8ddb91cd","CORP_PROD_TI_SUB","vNET-AE-PROD-TI-01","SNET-TI-CORE","10.156.36.0/24","0","0","0"
"9adcb532-5ce0-48be-b3c1-e54e8ddb91cd","CORP_PROD_TI_SUB","vNET-AE-PROD-TI-01","SNET-TI-INTEGRATION","10.156.37.0/28","0","0","0"
"0ee08044-acb9-4497-8501-4d01ce0f2088","CORP_PROD_XDNA_SUB","vNET-AE-PROD-XDNA-01","XDNAPrivateEndpoints","10.156.48.0/25","2","0","2"
"0bff008d-8ac2-4cab-bf13-372479880b9c","CORP_SIEM_Prod_SUB","vNET-AE-PROD-SIEM-01","SNET-SYSLOG-01","10.150.188.0/26","5","4","0"
"0bff008d-8ac2-4cab-bf13-372479880b9c","CORP_SIEM_Prod_SUB","vNET-AE-PROD-SIEM-01","AzureBastionSubnet","10.150.188.128/26","1","0","0"
"0bff008d-8ac2-4cab-bf13-372479880b9c","CORP_SIEM_Prod_SUB","vNET-AE-PROD-SIEM-01","SNET-NSS-01","10.150.188.64/26","2","2","0"
"87a97c49-033b-4309-9a17-482c46ced324","DD_EXT_SUB","RG-DEV-WORKSTATIONS-vnet","default","172.16.4.0/24","1","1","0"
"87a97c49-033b-4309-9a17-482c46ced324","DD_EXT_SUB","VN-DigitalTransform","SN-DigitalTransform","10.0.0.0/24","0","0","0"
"87a97c49-033b-4309-9a17-482c46ced324","DD_EXT_SUB","VM-MT-VCL1-vnet","default","10.2.0.0/24","1","1","0"
"87a97c49-033b-4309-9a17-482c46ced324","DD_EXT_SUB","VM-MT-VCL1-vnet","SN-MT-VCL1_LAN","10.2.1.0/24","3","3","0"
"87a97c49-033b-4309-9a17-482c46ced324","DD_EXT_SUB","VNET-MT-Ingestion","Data-Airtable","10.0.0.0/24","0","0","0"
"87a97c49-033b-4309-9a17-482c46ced324","DD_EXT_SUB","VN-PRD-Ensign-VM","default","10.1.0.0/24","1","1","0"
"87a97c49-033b-4309-9a17-482c46ced324","DD_EXT_SUB","VN-PRD-Ensign-VM","AzureBastionSubnet","10.1.1.0/26","1","0","0"
"87a97c49-033b-4309-9a17-482c46ced324","DD_EXT_SUB","RG-PRD2-TB360-vnet","default","172.20.0.0/24","1","1","0"
"87a97c49-033b-4309-9a17-482c46ced324","DD_EXT_SUB","VNET-QTMP-Function-Apps","default","10.100.0.0/27","0","0","0"
"87a97c49-033b-4309-9a17-482c46ced324","DD_EXT_SUB","VNET-QTMP-Function-Apps","FA-Outbound","10.100.0.128/27","0","0","0"
"87a97c49-033b-4309-9a17-482c46ced324","DD_EXT_SUB","VNET-QTMP-Function-Apps","FA-Outbound3","10.100.0.64/27","0","0","0"
"87a97c49-033b-4309-9a17-482c46ced324","DD_EXT_SUB","VNET-QTMP-RDrive-Function-Apps-Prod","rdrive-neuroconnector-function-app-prod","10.0.0.0/24","0","0","0"
"87a97c49-033b-4309-9a17-482c46ced324","DD_EXT_SUB","VNET-QTMP-RDrive-Function-Apps","rdrive-neuroconnector-function-app","10.0.0.0/24","0","0","0"
"87a97c49-033b-4309-9a17-482c46ced324","DD_EXT_SUB","vm-trs-svr-connector-vnet","AzureBastionSubnet","10.3.1.0/26","1","0","0"
"87a97c49-033b-4309-9a17-482c46ced324","DD_EXT_SUB","vm-trs-svr-connector-vnet","default","10.3.0.0/24","5","3","2"
"e59a044b-74a6-4c09-9ec5-d3a4d6a75abe","DD_INT_SUB","VN-DEVBOX-JackByrne","default","10.0.0.0/24","1","1","0"
"b75353df-479c-442c-b3f0-7569306c0355","E&U_NonProd_SUB","vNET01-EU_NonProd","Internal","10.156.31.0/25","3","3","0"
"b75353df-479c-442c-b3f0-7569306c0355","E&U_NonProd_SUB","vNET01-EU_NonProd","AzureBastionSubnet","10.156.31.128/26","0","0","0"
"b75353df-479c-442c-b3f0-7569306c0355","E&U_NonProd_SUB","vNET01-EU_NonProd","AppGatewaySubnet","10.156.31.192/27","0","0","0"
"b75353df-479c-442c-b3f0-7569306c0355","E&U_NonProd_SUB","vNET01-EU_NonProd","Public","10.156.31.224/28","1","1","0"
"b75353df-479c-442c-b3f0-7569306c0355","E&U_NonProd_SUB","vNET01-EU_NonProd","LB-Subnet","10.156.31.240/28","1","0","0"
"73e300a9-7690-4f67-a111-28772d97b016","E&U_Prod_SUB","vNET01-EU_Prod","AzureBastionSubnet","10.156.30.128/26","0","0","0"
"73e300a9-7690-4f67-a111-28772d97b016","E&U_Prod_SUB","vNET01-EU_Prod","AppGatewaySubnet","10.156.30.192/27","0","0","0"
"73e300a9-7690-4f67-a111-28772d97b016","E&U_Prod_SUB","vNET01-EU_Prod","LB-Subnet","10.156.30.240/28","1","0","0"
"73e300a9-7690-4f67-a111-28772d97b016","E&U_Prod_SUB","vNET01-EU_Prod","Internal","10.156.30.0/25","15","15","0"
"73e300a9-7690-4f67-a111-28772d97b016","E&U_Prod_SUB","vNET01-EU_Prod","Public","10.156.30.224/28","1","1","0"
"fd931109-764a-4d40-ac3b-6e75fb51bf31","ECM_PRD_SUB","industrialandenergysftp_vNet5506452","default","10.0.0.0/24","0","0","0"
"5f6f109e-8077-4fce-a032-3d411e57b8f6","GRP_AVDLandingZone_SUB","vNET01-NonPRD-AVD-LZ-DownerAU-AZE","sNET01-NonPRD-AVD-DWNAU-General-Session-Host-AZE","10.150.220.0/24","15","15","0"
"5f6f109e-8077-4fce-a032-3d411e57b8f6","GRP_AVDLandingZone_SUB","vNET01-NonPRD-AVD-LZ-DownerNZ-AZE","sNET01-NonPRD-AVD-DNZ-General-Session-Host-AZE","10.150.222.0/24","14","10","4"
"5f6f109e-8077-4fce-a032-3d411e57b8f6","GRP_AVDLandingZone_SUB","vNET01-NonPRD-AVD-LZ-Spotless-AZE","sNET01-NonPRD-AVD-SPT-General-Session-Host-AZE","10.150.223.0/24","8","8","0"
"5f6f109e-8077-4fce-a032-3d411e57b8f6","GRP_AVDLandingZone_SUB","vNET01-PRD-AVD-LZ-DownerAU-AZE","sNET01-PRD-AVD-DWNAU-General-Session-Host-AZE","10.150.104.0/24","136","133","3"
"5f6f109e-8077-4fce-a032-3d411e57b8f6","GRP_AVDLandingZone_SUB","vNET01-PRD-AVD-LZ-DownerAU-AZE","AzureBastionSubnet","10.150.105.0/26","1","0","0"
"5f6f109e-8077-4fce-a032-3d411e57b8f6","GRP_AVDLandingZone_SUB","vNET01-PRD-AVD-LZ-DownerNZ-AZE","AzureBastionSubnet","10.150.115.0/26","1","0","0"
"5f6f109e-8077-4fce-a032-3d411e57b8f6","GRP_AVDLandingZone_SUB","vNET01-PRD-AVD-LZ-DownerNZ-AZE","sNET01-PRD-AVD-DNZ-General-Session-Host-AZE","10.150.112.0/24","118","113","5"
"5f6f109e-8077-4fce-a032-3d411e57b8f6","GRP_AVDLandingZone_SUB","vNET01-PRD-AVD-LZ-Secure-AZE","sNET01-PRD-AVD-Secure-Support-Partners-Host-AZE","10.150.120.0/23","94","92","2"
"5f6f109e-8077-4fce-a032-3d411e57b8f6","GRP_AVDLandingZone_SUB","vNET01-PRD-AVD-LZ-Spotless-AZE","sNET01-PRD-AVD-SPT-General-Session-Host-AZE","10.150.116.0/24","20","20","0"
"5f6f109e-8077-4fce-a032-3d411e57b8f6","GRP_AVDLandingZone_SUB","vNET01-PRD-AVD-LZ-Spotless-AZE","sNET01-PRD-AVD-SPT-Azure-NetApp-AZE","10.150.117.0/26","0","0","0"
"7832f112-272f-4fa0-b0f1-54d8dbbde30e","GRP_AVDManagement_PRD_SUB","vNET01-PRD-AVD-Mgmt-AZE","sNET01-PRD-AVD-Mgmt-AZE","10.150.97.0/24","0","0","0"
"ff8c2a20-d637-4ab4-b682-3a10f4d4d3d8","GRP_GROUP_NONPRD_SUB","workers-vnet","public-subnet","10.139.0.0/18","1","1","0"
"ff8c2a20-d637-4ab4-b682-3a10f4d4d3d8","GRP_GROUP_NONPRD_SUB","workers-vnet","private-subnet","10.139.64.0/18","1","1","0"
"ff8c2a20-d637-4ab4-b682-3a10f4d4d3d8","GRP_GROUP_NONPRD_SUB","workers-vnet","public-subnet","10.139.0.0/18","0","0","0"
"ff8c2a20-d637-4ab4-b682-3a10f4d4d3d8","GRP_GROUP_NONPRD_SUB","workers-vnet","private-subnet","10.139.64.0/18","0","0","0"
"ff8c2a20-d637-4ab4-b682-3a10f4d4d3d8","GRP_GROUP_NONPRD_SUB","vNet02-Dev-IFCORE-AZE","sNet01-DEV-IFCORE-AZE","10.150.219.128/26","0","0","0"
"ff8c2a20-d637-4ab4-b682-3a10f4d4d3d8","GRP_GROUP_NONPRD_SUB","vNet02-Dev-IFCORE-AZE","sNet02-DEV-MGMT-AZE","10.150.219.192/27","0","0","0"
"ff8c2a20-d637-4ab4-b682-3a10f4d4d3d8","GRP_GROUP_NONPRD_SUB","vNet02-Dev-IFCORE-AZE","sNET03-DEV-DATABRICKSPVT-AZE","10.150.218.0/25","0","0","0"
"ff8c2a20-d637-4ab4-b682-3a10f4d4d3d8","GRP_GROUP_NONPRD_SUB","vNet02-Dev-IFCORE-AZE","sNET04-DEV-DATABRICKSPUB-AZE","10.150.218.128/25","0","0","0"
"ff8c2a20-d637-4ab4-b682-3a10f4d4d3d8","GRP_GROUP_NONPRD_SUB","vNet02-Dev-IFCORE-AZE","sNET05-DEV-FUNCAPPS-AZE","10.150.219.0/25","0","0","0"
"ff8c2a20-d637-4ab4-b682-3a10f4d4d3d8","GRP_GROUP_NONPRD_SUB","Vnet01-Tst-IFCORE-AZE","sNet01-TST-IFCORE-AZE","10.150.217.224/27","0","0","0"
"ff8c2a20-d637-4ab4-b682-3a10f4d4d3d8","GRP_GROUP_NONPRD_SUB","Vnet01-Tst-IFCORE-AZE","sNet02-TST-MGMT-AZE","10.150.217.192/28","0","0","0"
"ff8c2a20-d637-4ab4-b682-3a10f4d4d3d8","GRP_GROUP_NONPRD_SUB","Vnet01-Tst-IFCORE-AZE","sNET03-TST-DATABRICKSPVT-AZE","10.150.217.0/26","0","0","0"
"ff8c2a20-d637-4ab4-b682-3a10f4d4d3d8","GRP_GROUP_NONPRD_SUB","Vnet01-Tst-IFCORE-AZE","sNET04-TST-DATABRICKSPUB-AZE","10.150.217.64/26","0","0","0"
"ff8c2a20-d637-4ab4-b682-3a10f4d4d3d8","GRP_GROUP_NONPRD_SUB","Vnet01-Tst-IFCORE-AZE","sNET05-TST-FUNCAPPS-AZE","10.150.217.128/26","0","0","0"
"4f08f72f-8bba-48b0-94cf-3c8b172e24fe","GRP_GROUP_PRD_SUB","workers-vnet","public-subnet","10.139.0.0/18","0","0","0"
"4f08f72f-8bba-48b0-94cf-3c8b172e24fe","GRP_GROUP_PRD_SUB","workers-vnet","private-subnet","10.139.64.0/18","0","0","0"
"4f08f72f-8bba-48b0-94cf-3c8b172e24fe","GRP_GROUP_PRD_SUB","vNET01-PRD-IFCORE-AZE","snet05-prd-databrickspvt-aze","10.150.88.0/24","0","0","0"
"4f08f72f-8bba-48b0-94cf-3c8b172e24fe","GRP_GROUP_PRD_SUB","vNET01-PRD-IFCORE-AZE","snet06-prd-databrickspub-aze","10.150.89.0/24","0","0","0"
"4f08f72f-8bba-48b0-94cf-3c8b172e24fe","GRP_GROUP_PRD_SUB","vNET01-PRD-IFCORE-AZE","snet07-prd-funcapps-aze","10.150.90.0/24","0","0","0"
"4f08f72f-8bba-48b0-94cf-3c8b172e24fe","GRP_GROUP_PRD_SUB","vNET01-PRD-IFCORE-AZE","snet02-prd-ifshared-aze","10.150.91.0/28","0","0","0"
"4f08f72f-8bba-48b0-94cf-3c8b172e24fe","GRP_GROUP_PRD_SUB","vNET01-PRD-IFCORE-AZE","snet03-prd-mgmt-aze","10.150.91.16/28","0","0","0"
"4f08f72f-8bba-48b0-94cf-3c8b172e24fe","GRP_GROUP_PRD_SUB","vNET01-PRD-IFCORE-AZE","snet04-prd-shirs-aze","10.150.91.32/28","0","0","0"
"4f08f72f-8bba-48b0-94cf-3c8b172e24fe","GRP_GROUP_PRD_SUB","vNET01-PRD-IFCORE-AZE","snet01-prd-ifcore-aze","10.150.91.64/26","0","0","0"
"c4b9d367-0a3e-4a15-9a23-9b2480aa8ec0","GRP_NONPRD_SUB","workers-vnet","public-subnet","10.139.0.0/18","0","0","0"
"c4b9d367-0a3e-4a15-9a23-9b2480aa8ec0","GRP_NONPRD_SUB","workers-vnet","private-subnet","10.139.64.0/18","0","0","0"
"c4b9d367-0a3e-4a15-9a23-9b2480aa8ec0","GRP_NONPRD_SUB","dwnfoawmbld","AX-APPNET-1adf1626","10.1.1.0/24","1","1","0"
"c4b9d367-0a3e-4a15-9a23-9b2480aa8ec0","GRP_NONPRD_SUB","dwnfoawmbld","appGatewaySubnet","10.1.2.0/24","0","0","0"
"c4b9d367-0a3e-4a15-9a23-9b2480aa8ec0","GRP_NONPRD_SUB","dwnfoawmdev1","AX-APPNET-1bb53f64","10.1.1.0/24","1","1","0"
"c4b9d367-0a3e-4a15-9a23-9b2480aa8ec0","GRP_NONPRD_SUB","dwnfoawmdev1","appGatewaySubnet","10.1.2.0/24","0","0","0"
"c4b9d367-0a3e-4a15-9a23-9b2480aa8ec0","GRP_NONPRD_SUB","dwnfoawmdev2-64104ae1","AX-APPNET-24e17ff4","10.1.1.0/24","1","1","0"
"c4b9d367-0a3e-4a15-9a23-9b2480aa8ec0","GRP_NONPRD_SUB","dwnfoawmdev2-64104ae1","appGatewaySubnet","10.1.2.0/24","0","0","0"
"c4b9d367-0a3e-4a15-9a23-9b2480aa8ec0","GRP_NONPRD_SUB","Azure-V-01-vnet","default","10.2.0.0/24","0","0","0"
"c4b9d367-0a3e-4a15-9a23-9b2480aa8ec0","GRP_NONPRD_SUB","Azure-V-01-vnet","AppGatewaySubnet","10.2.1.64/27","2","0","0"
"c4b9d367-0a3e-4a15-9a23-9b2480aa8ec0","GRP_NONPRD_SUB","Azure-V-01-vnet","ILB-Subnet","10.2.1.96/27","0","0","0"
"c4b9d367-0a3e-4a15-9a23-9b2480aa8ec0","GRP_NONPRD_SUB","Azure-V-01-vnet","AzureBastionSubnet","10.2.1.0/26","0","0","0"
"c4b9d367-0a3e-4a15-9a23-9b2480aa8ec0","GRP_NONPRD_SUB","infradm-VNET1","default","10.0.0.0/24","0","0","0"
"c4b9d367-0a3e-4a15-9a23-9b2480aa8ec0","GRP_NONPRD_SUB","infradm-VNET1","AzureBastionSubnet","10.0.1.0/26","1","0","0"
"c4b9d367-0a3e-4a15-9a23-9b2480aa8ec0","GRP_NONPRD_SUB","infradm-VNET1","default2","10.0.1.64/26","0","0","0"
"c4b9d367-0a3e-4a15-9a23-9b2480aa8ec0","GRP_NONPRD_SUB","repair-IRVMDEV_VNET","repair-IRVMDEV_Subnet","10.0.0.0/24","0","0","0"
"c4b9d367-0a3e-4a15-9a23-9b2480aa8ec0","GRP_NONPRD_SUB","repair-irvmdev_VNET","repair-irvmdev_Subnet","10.0.0.0/24","0","0","0"
"c4b9d367-0a3e-4a15-9a23-9b2480aa8ec0","GRP_NONPRD_SUB","vNET01-DEV-DYN-ODS-AZE","sNET-DEV-corp-dv-ods-core-AZE","10.150.186.48/28","9","0","9"
"c4b9d367-0a3e-4a15-9a23-9b2480aa8ec0","GRP_NONPRD_SUB","vNET01-DEV-DYN-ODS-AZE","sNET-DEV-dyn-ods-core-AZE","10.150.186.0/27","9","0","9"
"c4b9d367-0a3e-4a15-9a23-9b2480aa8ec0","GRP_NONPRD_SUB","vNET01-DEV-DYN-ODS-AZE","sNET-DEV-dyn-ods-powerbi-AZE","10.150.186.32/28","0","0","0"
"c4b9d367-0a3e-4a15-9a23-9b2480aa8ec0","GRP_NONPRD_SUB","vNET-DEV-PS","subnet-dev-ps","10.3.221.0/24","0","0","0"
"c4b9d367-0a3e-4a15-9a23-9b2480aa8ec0","GRP_NONPRD_SUB","vNET-temp-firewall","dummy","10.197.1.0/24","0","0","0"
"c4b9d367-0a3e-4a15-9a23-9b2480aa8ec0","GRP_NONPRD_SUB","vNET-temp-firewall","AzureFirewallSubnet","10.197.0.0/24","1","0","0"
"c4b9d367-0a3e-4a15-9a23-9b2480aa8ec0","GRP_NONPRD_SUB","vNET-temp-firewall","AzureFirewallManagementSubnet","10.197.2.0/24","4","0","0"
"c4b9d367-0a3e-4a15-9a23-9b2480aa8ec0","GRP_NONPRD_SUB","vNET01-DEV-RDS-DD-AZE","sNET-DEV-RDS-DD-dbwprv-AZE","10.150.202.0/24","2","2","0"
"c4b9d367-0a3e-4a15-9a23-9b2480aa8ec0","GRP_NONPRD_SUB","vNET01-DEV-RDS-DD-AZE","sNET-DEV-RDS-DD-logicapp02-AZE","10.150.200.160/27","1","0","1"
"c4b9d367-0a3e-4a15-9a23-9b2480aa8ec0","GRP_NONPRD_SUB","vNET01-DEV-RDS-DD-AZE","sNET-DEV-RDS-DD-funcapp02-AZE","10.150.200.128/27","1","0","1"
"c4b9d367-0a3e-4a15-9a23-9b2480aa8ec0","GRP_NONPRD_SUB","vNET01-DEV-RDS-DD-AZE","sNET-DEV-RDS-DD-explore-AZE","10.150.205.0/24","2","0","1"
"c4b9d367-0a3e-4a15-9a23-9b2480aa8ec0","GRP_NONPRD_SUB","vNET01-DEV-RDS-DD-AZE","sNET-DEV-RDS-DD-funcapp01-AZE","10.150.203.0/24","0","0","0"
"c4b9d367-0a3e-4a15-9a23-9b2480aa8ec0","GRP_NONPRD_SUB","vNET01-DEV-RDS-DD-AZE","sNET-DEV-RDS-DD-logicapp01-AZE","10.150.204.0/24","0","0","0"
"c4b9d367-0a3e-4a15-9a23-9b2480aa8ec0","GRP_NONPRD_SUB","vNET01-DEV-RDS-DD-AZE","sNET-DEV-RDS-DD-dbwpublic-AZE","10.150.201.0/24","2","2","0"
"c4b9d367-0a3e-4a15-9a23-9b2480aa8ec0","GRP_NONPRD_SUB","vNET01-DEV-RDS-DD-AZE","sNET-DEV-RDS-DD-core-AZE","10.150.200.0/25","26","0","26"
"c4b9d367-0a3e-4a15-9a23-9b2480aa8ec0","GRP_NONPRD_SUB","RG-GRP-NONPRD-AIS-SFTP-AZE-vnet","default","10.0.0.0/24","1","0","1"
"c4b9d367-0a3e-4a15-9a23-9b2480aa8ec0","GRP_NONPRD_SUB","vNET-NonProd-ORADB01-AZE","sNET-NonProd-ORADB01-AZE","10.150.187.128/26","2","0","2"
"c4b9d367-0a3e-4a15-9a23-9b2480aa8ec0","GRP_NONPRD_SUB","vNET-AIS-NonProd-AUEast","sNet-GRP-DEV-SBUS","10.150.175.192/27","0","0","0"
"c4b9d367-0a3e-4a15-9a23-9b2480aa8ec0","GRP_NONPRD_SUB","vNET-AIS-NonProd-AUEast","sNet-GRP-UAT-AppGW","10.150.173.160/27","0","0","0"
"c4b9d367-0a3e-4a15-9a23-9b2480aa8ec0","GRP_NONPRD_SUB","vNET-AIS-NonProd-AUEast","sNet-GRP-DEV-AppGW","10.150.175.160/27","0","0","0"
"c4b9d367-0a3e-4a15-9a23-9b2480aa8ec0","GRP_NONPRD_SUB","vNET-AIS-NonProd-AUEast","sNet-GRP-SIT-AppGW","10.150.174.160/27","0","0","0"
"c4b9d367-0a3e-4a15-9a23-9b2480aa8ec0","GRP_NONPRD_SUB","vNET-AIS-NonProd-AUEast","sNet-GRP-UAT-SBUS","10.150.173.192/27","0","0","0"
"c4b9d367-0a3e-4a15-9a23-9b2480aa8ec0","GRP_NONPRD_SUB","vNET-AIS-NonProd-AUEast","sNet-GRP-SIT-ISE-001","10.150.174.0/27","0","0","0"
"c4b9d367-0a3e-4a15-9a23-9b2480aa8ec0","GRP_NONPRD_SUB","vNET-AIS-NonProd-AUEast","sNet-GRP-SIT-ISE-002","10.150.174.32/27","0","0","0"
"c4b9d367-0a3e-4a15-9a23-9b2480aa8ec0","GRP_NONPRD_SUB","vNET-AIS-NonProd-AUEast","sNet-GRP-SIT-ISE-003","10.150.174.64/27","0","0","0"
"c4b9d367-0a3e-4a15-9a23-9b2480aa8ec0","GRP_NONPRD_SUB","vNET-AIS-NonProd-AUEast","sNet-GRP-SIT-ISE-004","10.150.174.96/27","0","0","0"
"c4b9d367-0a3e-4a15-9a23-9b2480aa8ec0","GRP_NONPRD_SUB","vNET-AIS-NonProd-AUEast","sNet-GRP-UAT-ISE-001","10.150.173.0/27","0","0","0"
"c4b9d367-0a3e-4a15-9a23-9b2480aa8ec0","GRP_NONPRD_SUB","vNET-AIS-NonProd-AUEast","sNet-GRP-UAT-ISE-002","10.150.173.32/27","0","0","0"
"c4b9d367-0a3e-4a15-9a23-9b2480aa8ec0","GRP_NONPRD_SUB","vNET-AIS-NonProd-AUEast","sNet-GRP-UAT-ISE-003","10.150.173.64/27","0","0","0"
"c4b9d367-0a3e-4a15-9a23-9b2480aa8ec0","GRP_NONPRD_SUB","vNET-AIS-NonProd-AUEast","sNet-GRP-UAT-ISE-004","10.150.173.96/27","0","0","0"
"c4b9d367-0a3e-4a15-9a23-9b2480aa8ec0","GRP_NONPRD_SUB","vNET-AIS-NonProd-AUEast","sNet-GRP-SIT-SBUS","10.150.174.192/27","0","0","0"
"c4b9d367-0a3e-4a15-9a23-9b2480aa8ec0","GRP_NONPRD_SUB","vNET-AIS-NonProd-AUEast","sNet-GRP-DEV-FunApp","10.150.169.192/27","0","0","0"
"c4b9d367-0a3e-4a15-9a23-9b2480aa8ec0","GRP_NONPRD_SUB","vNET-AIS-NonProd-AUEast","sNet-GRP-DEV-IRVMs","10.150.169.160/27","1","1","0"
"c4b9d367-0a3e-4a15-9a23-9b2480aa8ec0","GRP_NONPRD_SUB","vNET-AIS-NonProd-AUEast","sNet-GRP-DEV-FAPP-001","10.150.168.0/27","0","0","0"
"c4b9d367-0a3e-4a15-9a23-9b2480aa8ec0","GRP_NONPRD_SUB","vNET-AIS-NonProd-AUEast","sNet-GRP-DEV-SFTP","10.150.169.128/27","0","0","0"
"c4b9d367-0a3e-4a15-9a23-9b2480aa8ec0","GRP_NONPRD_SUB","vNET-AIS-NonProd-AUEast","sNet-GRP-SIT-FAPP-001","10.150.168.32/27","0","0","0"
"c4b9d367-0a3e-4a15-9a23-9b2480aa8ec0","GRP_NONPRD_SUB","vNET-AIS-NonProd-AUEast","sNet-GRP-SIT-PEP","10.150.168.64/27","7","0","7"
"c4b9d367-0a3e-4a15-9a23-9b2480aa8ec0","GRP_NONPRD_SUB","vNET-AIS-NonProd-AUEast","sNet-GRP-UAT-FAPP-001","10.150.168.128/27","0","0","0"
"c4b9d367-0a3e-4a15-9a23-9b2480aa8ec0","GRP_NONPRD_SUB","vNET-AIS-NonProd-AUEast","sNet-GRP-UAT-IRVMs","10.150.168.192/27","1","1","0"
"c4b9d367-0a3e-4a15-9a23-9b2480aa8ec0","GRP_NONPRD_SUB","vNET-AIS-NonProd-AUEast","sNet-GRP-UAT-PEP","10.150.168.160/27","9","0","9"
"c4b9d367-0a3e-4a15-9a23-9b2480aa8ec0","GRP_NONPRD_SUB","vNET-AIS-NonProd-AUEast","sNet-GRP-DEV-ISE-001","10.150.175.0/27","0","0","0"
"c4b9d367-0a3e-4a15-9a23-9b2480aa8ec0","GRP_NONPRD_SUB","vNET-AIS-NonProd-AUEast","sNet-GRP-DEV-ISE-002","10.150.175.32/27","0","0","0"
"c4b9d367-0a3e-4a15-9a23-9b2480aa8ec0","GRP_NONPRD_SUB","vNET-AIS-NonProd-AUEast","sNet-GRP-DEV-ISE-003","10.150.175.64/27","0","0","0"
"c4b9d367-0a3e-4a15-9a23-9b2480aa8ec0","GRP_NONPRD_SUB","vNET-AIS-NonProd-AUEast","sNet-GRP-DEV-ISE-004","10.150.175.96/27","0","0","0"
"c4b9d367-0a3e-4a15-9a23-9b2480aa8ec0","GRP_NONPRD_SUB","vNET-AIS-NonProd-AUEast","sNet-GRP-UAT-FAPP-002","10.150.169.0/27","0","0","0"
"c4b9d367-0a3e-4a15-9a23-9b2480aa8ec0","GRP_NONPRD_SUB","vNET-AIS-NonProd-AUEast","sNet-GRP-TRN-APIM","10.150.170.128/27","0","0","0"
"c4b9d367-0a3e-4a15-9a23-9b2480aa8ec0","GRP_NONPRD_SUB","vNET-AIS-NonProd-AUEast","sNet-GRP-TRN-AppGW","10.150.170.160/27","0","0","0"
"c4b9d367-0a3e-4a15-9a23-9b2480aa8ec0","GRP_NONPRD_SUB","vNET-AIS-NonProd-AUEast","sNet-GRP-TRN-SBUS","10.150.170.192/27","0","0","0"
"c4b9d367-0a3e-4a15-9a23-9b2480aa8ec0","GRP_NONPRD_SUB","vNET-AIS-NonProd-AUEast","sNet-GRP-TRN-ISE-002","10.150.170.32/27","0","0","0"
"c4b9d367-0a3e-4a15-9a23-9b2480aa8ec0","GRP_NONPRD_SUB","vNET-AIS-NonProd-AUEast","sNet-GRP-TRN-ISE-003","10.150.170.64/27","0","0","0"
"c4b9d367-0a3e-4a15-9a23-9b2480aa8ec0","GRP_NONPRD_SUB","vNET-AIS-NonProd-AUEast","sNet-GRP-TRN-ISE-004","10.150.170.96/27","0","0","0"
"c4b9d367-0a3e-4a15-9a23-9b2480aa8ec0","GRP_NONPRD_SUB","vNET-AIS-NonProd-AUEast","sNet-GRP-TRN-ISE-001","10.150.170.0/27","0","0","0"
"c4b9d367-0a3e-4a15-9a23-9b2480aa8ec0","GRP_NONPRD_SUB","vNET-AIS-NonProd-AUEast","sNet-GRP-SIT-FunApp","10.150.173.224/27","0","0","0"
"c4b9d367-0a3e-4a15-9a23-9b2480aa8ec0","GRP_NONPRD_SUB","vNET-AIS-NonProd-AUEast","sNet-GRP-TRN-FAPP-001","10.150.169.32/28","0","0","0"
"c4b9d367-0a3e-4a15-9a23-9b2480aa8ec0","GRP_NONPRD_SUB","vNET-AIS-NonProd-AUEast","sNet-GRP-POSTPROD-ISE-002","10.150.171.32/27","0","0","0"
"c4b9d367-0a3e-4a15-9a23-9b2480aa8ec0","GRP_NONPRD_SUB","vNET-AIS-NonProd-AUEast","sNet-GRP-SIT-IRVMs","10.150.168.96/27","1","1","0"
"c4b9d367-0a3e-4a15-9a23-9b2480aa8ec0","GRP_NONPRD_SUB","vNET-AIS-NonProd-AUEast","spare","10.150.175.224/27","1","1","0"
"c4b9d367-0a3e-4a15-9a23-9b2480aa8ec0","GRP_NONPRD_SUB","vNET-AIS-NonProd-AUEast","sNet-GRP-SIT-LASTD-001","10.150.135.0/24","1","0","0"
"c4b9d367-0a3e-4a15-9a23-9b2480aa8ec0","GRP_NONPRD_SUB","vNET-AIS-NonProd-AUEast","sNet-GRP-UAT-LASTD-001","10.150.134.0/24","1","0","0"
"c4b9d367-0a3e-4a15-9a23-9b2480aa8ec0","GRP_NONPRD_SUB","vNET-AIS-NonProd-AUEast","sNet-GRP-DEV-LASTD-001","10.150.172.0/24","1","0","0"
"c4b9d367-0a3e-4a15-9a23-9b2480aa8ec0","GRP_NONPRD_SUB","vNET-AIS-NonProd-AUEast","sNet-GRP-SIT-APIM","10.150.174.128/27","2","0","0"
"c4b9d367-0a3e-4a15-9a23-9b2480aa8ec0","GRP_NONPRD_SUB","vNET-AIS-NonProd-AUEast","AzureBastionSubnet","10.150.169.64/26","0","0","0"
"c4b9d367-0a3e-4a15-9a23-9b2480aa8ec0","GRP_NONPRD_SUB","vNET-AIS-NonProd-AUEast","sNet-GRP-DEV-APIM","10.150.175.128/27","2","0","0"
"c4b9d367-0a3e-4a15-9a23-9b2480aa8ec0","GRP_NONPRD_SUB","vNET-AIS-NonProd-AUEast","sNet-GRP-DEV-PEP","10.150.169.224/27","20","0","20"
"c4b9d367-0a3e-4a15-9a23-9b2480aa8ec0","GRP_NONPRD_SUB","vNET-AIS-NonProd-AUEast","sNet-GRP-UAT-APIM","10.150.173.128/27","2","0","0"
"c4b9d367-0a3e-4a15-9a23-9b2480aa8ec0","GRP_NONPRD_SUB","vNET-AIS-NonProd-AUEast","sNET-UAT-APPS-PEP-AZE","10.150.130.0/27","3","0","3"
"c4b9d367-0a3e-4a15-9a23-9b2480aa8ec0","GRP_NONPRD_SUB","vNET-AIS-NonProd-AUEast","sNET-DEV-ASE-APPS-AZE","10.150.131.0/24","1","0","0"
"c4b9d367-0a3e-4a15-9a23-9b2480aa8ec0","GRP_NONPRD_SUB","vNET-AIS-NonProd-AUEast","sNET-DEV-APPS-PEP-AZE","10.150.132.0/27","3","0","3"
"c4b9d367-0a3e-4a15-9a23-9b2480aa8ec0","GRP_NONPRD_SUB","vNET-AIS-NonProd-AUEast","sNET-UAT-ASE-APPS-AZE","10.150.129.0/24","1","0","0"
"c4b9d367-0a3e-4a15-9a23-9b2480aa8ec0","GRP_NONPRD_SUB","vNET-NonProd-SQLMI-AZE","sNET01-NonProd-SQLMI-AZE","10.150.185.0/25","0","0","0"
"c4b9d367-0a3e-4a15-9a23-9b2480aa8ec0","GRP_NONPRD_SUB","vNET-NonProd-SQLMI-AZE","sNET01-NonProd-SQLMI01-AZE","10.150.185.128/26","1","0","0"
"c4b9d367-0a3e-4a15-9a23-9b2480aa8ec0","GRP_NONPRD_SUB","vNET-NonProd-SQLMI-AZE","test","10.150.185.192/26","0","0","0"
"c4b9d367-0a3e-4a15-9a23-9b2480aa8ec0","GRP_NONPRD_SUB","vNET01-SPL-NonProd-AUEast","sNET01-SPL-NonProd-External-AUEast","10.150.166.0/23","0","0","0"
"c4b9d367-0a3e-4a15-9a23-9b2480aa8ec0","GRP_NONPRD_SUB","vNET01-SPL-NonProd-AUEast","sNET01-SPL-NonProd-Backend-AUEast","10.150.162.0/23","0","0","0"
"c4b9d367-0a3e-4a15-9a23-9b2480aa8ec0","GRP_NONPRD_SUB","vNET01-SPL-NonProd-AUEast","sNet-DEV-AppGw","10.150.160.160/27","0","0","0"
"c4b9d367-0a3e-4a15-9a23-9b2480aa8ec0","GRP_NONPRD_SUB","vNET01-SPL-NonProd-AUEast","sNet-DEV-Test","10.150.161.0/29","0","0","0"
"c4b9d367-0a3e-4a15-9a23-9b2480aa8ec0","GRP_NONPRD_SUB","vNET01-SPL-NonProd-AUEast","sNet-DEV-SBus","10.150.160.192/27","0","0","0"
"c4b9d367-0a3e-4a15-9a23-9b2480aa8ec0","GRP_NONPRD_SUB","vNET01-SPL-NonProd-AUEast","sNet-DEV-APIM","10.150.160.128/27","0","0","0"
"c4b9d367-0a3e-4a15-9a23-9b2480aa8ec0","GRP_NONPRD_SUB","vNET01-SPL-NonProd-AUEast","sNet-DEV-ISE-004","10.150.160.96/27","0","0","0"
"c4b9d367-0a3e-4a15-9a23-9b2480aa8ec0","GRP_NONPRD_SUB","vNET01-SPL-NonProd-AUEast","sNet-DEV-ISE-003","10.150.160.64/27","0","0","0"
"c4b9d367-0a3e-4a15-9a23-9b2480aa8ec0","GRP_NONPRD_SUB","vNET01-SPL-NonProd-AUEast","sNet-DEV-ISE-001","10.150.160.0/27","0","0","0"
"c4b9d367-0a3e-4a15-9a23-9b2480aa8ec0","GRP_NONPRD_SUB","vNET01-SPL-NonProd-AUEast","sNet-DEV-ISE-002","10.150.160.32/27","0","0","0"
"c4b9d367-0a3e-4a15-9a23-9b2480aa8ec0","GRP_NONPRD_SUB","vNET01-SPL-NonProd-AUEast","sNET-GRP-TST-EDWingest-AZE","10.150.161.192/28","7","2","5"
"c4b9d367-0a3e-4a15-9a23-9b2480aa8ec0","GRP_NONPRD_SUB","vNET01-SPL-NonProd-AUEast","sNET-GRP-TST-EDWstore-AZE","10.150.161.208/28","3","0","3"
"c4b9d367-0a3e-4a15-9a23-9b2480aa8ec0","GRP_NONPRD_SUB","vNET01-SPL-NonProd-AUEast","sNET-GRP-TST-EDWprocess-AZE","10.150.161.224/28","0","0","0"
"c4b9d367-0a3e-4a15-9a23-9b2480aa8ec0","GRP_NONPRD_SUB","vNET01-SPL-NonProd-AUEast","sNET-GRP-TST-EDWpresent-AZE","10.150.161.240/28","0","0","0"
"c4b9d367-0a3e-4a15-9a23-9b2480aa8ec0","GRP_NONPRD_SUB","vNET01-SPL-NonProd-AUEast","sNET-GRP-DEV-EDWstore-AZE","10.150.161.144/28","3","0","3"
"c4b9d367-0a3e-4a15-9a23-9b2480aa8ec0","GRP_NONPRD_SUB","vNET01-SPL-NonProd-AUEast","sNET-GRP-DEV-EDWprocess-AZE","10.150.161.160/28","1","0","1"
"c4b9d367-0a3e-4a15-9a23-9b2480aa8ec0","GRP_NONPRD_SUB","vNET01-SPL-NonProd-AUEast","sNET-GRP-DEV-EDWpresent-AZE","10.150.161.176/28","0","0","0"
"c4b9d367-0a3e-4a15-9a23-9b2480aa8ec0","GRP_NONPRD_SUB","vNET01-SPL-NonProd-AUEast","sNET-GRP-DEV-EDWingest-AZE","10.150.161.128/28","8","2","6"
"c4b9d367-0a3e-4a15-9a23-9b2480aa8ec0","GRP_NONPRD_SUB","vNET01-SPL-NonProd-AUEast","sNET-DEV-NZDYNLEGPBIEMBED-AZE","10.150.161.32/27","3","0","3"
"c4b9d367-0a3e-4a15-9a23-9b2480aa8ec0","GRP_NONPRD_SUB","vNET01-SPL-NonProd-AUEast","sNET-DEV-NZDYNLEGVNETINT-AZE","10.150.160.224/27","0","0","0"
"c4b9d367-0a3e-4a15-9a23-9b2480aa8ec0","GRP_NONPRD_SUB","vNET01-SPL-NonProd-AUEast","sNET-TST-NZDYNLEGVNETINT-AZE","10.150.161.64/27","0","0","0"
"c4b9d367-0a3e-4a15-9a23-9b2480aa8ec0","GRP_NONPRD_SUB","vNET01-SPL-NonProd-AUEast","sNET-TST-NZDYNLEGPBIEMBED-AZE","10.150.161.96/27","1","0","1"
"c4b9d367-0a3e-4a15-9a23-9b2480aa8ec0","GRP_NONPRD_SUB","vNET01-SPL-NonProd-AUEast","sNET01-SPL-NonProd-Internal-AUEast","10.150.164.0/23","0","0","0"
"c4b9d367-0a3e-4a15-9a23-9b2480aa8ec0","GRP_NONPRD_SUB","vNET01-TST-DYN-ODS-AZE","sNET-TST-corp-dv-ods-core-AZE","10.150.186.112/28","9","0","9"
"c4b9d367-0a3e-4a15-9a23-9b2480aa8ec0","GRP_NONPRD_SUB","vNET01-TST-DYN-ODS-AZE","sNET-TST-dyn-ods-core-AZE","10.150.186.64/27","9","0","9"
"c4b9d367-0a3e-4a15-9a23-9b2480aa8ec0","GRP_NONPRD_SUB","vNET01-TST-DYN-ODS-AZE","sNET-TST-dyn-ods-powerbi-AZE","10.150.186.96/28","0","0","0"
"c4b9d367-0a3e-4a15-9a23-9b2480aa8ec0","GRP_NONPRD_SUB","vNET01-GRP-NPD-EAS-TST-AZE","sNET-GRP-TST-EAS-internal-AZE","10.150.184.32/28","2","1","0"
"c4b9d367-0a3e-4a15-9a23-9b2480aa8ec0","GRP_NONPRD_SUB","vNET01-GRP-NPD-EAS-TST-AZE","sNET-GRP-TST-EAS-backend-AZE","10.150.184.48/28","1","0","1"
"c4b9d367-0a3e-4a15-9a23-9b2480aa8ec0","GRP_NONPRD_SUB","vNET01-TST-RDS-DD-AZE","sNET-TST-RDS-DD-explore-AZE","10.150.213.0/24","2","0","1"
"c4b9d367-0a3e-4a15-9a23-9b2480aa8ec0","GRP_NONPRD_SUB","vNET01-TST-RDS-DD-AZE","sNET-TST-RDS-DD-funcapp01-AZE","10.150.211.0/24","0","0","0"
"c4b9d367-0a3e-4a15-9a23-9b2480aa8ec0","GRP_NONPRD_SUB","vNET01-TST-RDS-DD-AZE","sNET-TST-RDS-DD-funcapp02-AZE","10.150.208.128/27","1","0","1"
"c4b9d367-0a3e-4a15-9a23-9b2480aa8ec0","GRP_NONPRD_SUB","vNET01-TST-RDS-DD-AZE","sNET-TST-RDS-DD-logicapp01-AZE","10.150.212.0/24","0","0","0"
"c4b9d367-0a3e-4a15-9a23-9b2480aa8ec0","GRP_NONPRD_SUB","vNET01-TST-RDS-DD-AZE","sNET-TST-RDS-DD-logicapp02-AZE","10.150.208.160/27","1","0","1"
"c4b9d367-0a3e-4a15-9a23-9b2480aa8ec0","GRP_NONPRD_SUB","vNET01-TST-RDS-DD-AZE","sNET-TST-RDS-DD-dbwprv-AZE","10.150.210.0/24","1","1","0"
"c4b9d367-0a3e-4a15-9a23-9b2480aa8ec0","GRP_NONPRD_SUB","vNET01-TST-RDS-DD-AZE","sNET-TST-RDS-DD-dbwpublic-AZE","10.150.209.0/24","1","1","0"
"c4b9d367-0a3e-4a15-9a23-9b2480aa8ec0","GRP_NONPRD_SUB","vNET01-TST-RDS-DD-AZE","sNET-TST-RDS-DD-core-AZE","10.150.208.0/25","26","0","26"
"3eec82b4-e883-44ff-af95-6216fdd479f9","GRP_PRD_SUB","vNET-Prod-ORADB01-AZE","sNET-Prod-NETAPP01-AZE","10.150.48.96/27","1","0","1"
"3eec82b4-e883-44ff-af95-6216fdd479f9","GRP_PRD_SUB","vNET-Prod-ORADB01-AZE","sNET-Prod-ORADB01-AZE","10.150.48.64/27","6","0","6"
"3eec82b4-e883-44ff-af95-6216fdd479f9","GRP_PRD_SUB","vNET01-PRD-DYN-ODS-AZE","sNET-PRD-corp-dv-ods-core-AZE","10.150.52.48/28","9","0","9"
"3eec82b4-e883-44ff-af95-6216fdd479f9","GRP_PRD_SUB","vNET01-PRD-DYN-ODS-AZE","sNET-PRD-dyn-ods-core-AZE","10.150.52.0/27","9","0","9"
"3eec82b4-e883-44ff-af95-6216fdd479f9","GRP_PRD_SUB","vNET01-PRD-DYN-ODS-AZE","sNET-PRD-dyn-ods-powerbi-AZE","10.150.52.32/28","0","0","0"
"3eec82b4-e883-44ff-af95-6216fdd479f9","GRP_PRD_SUB","vNET01-GRP-PRD-EAS-PRD-AZE","sNET-GRP-PRD-EAS-internal-AZE","10.150.48.0/28","2","1","0"
"3eec82b4-e883-44ff-af95-6216fdd479f9","GRP_PRD_SUB","vNET01-GRP-PRD-EAS-PRD-AZE","sNET-GRP-PRD-EAS-backend-AZE","10.150.48.16/28","1","0","1"
"3eec82b4-e883-44ff-af95-6216fdd479f9","GRP_PRD_SUB","vNET02-GRP-PRD-EAS-PRD-AZE","sNET-GRP-PRD-EAS-ASRtest-AZE","10.150.48.32/28","0","0","0"
"3eec82b4-e883-44ff-af95-6216fdd479f9","GRP_PRD_SUB","vNET01-PRD-RDS-DD-AZE","sNET-PRD-RDS-DD-core-AZE","10.150.64.0/25","26","0","26"
"3eec82b4-e883-44ff-af95-6216fdd479f9","GRP_PRD_SUB","vNET01-PRD-RDS-DD-AZE","sNET-PRD-RDS-DD-explore-AZE","10.150.69.0/24","2","0","1"
"3eec82b4-e883-44ff-af95-6216fdd479f9","GRP_PRD_SUB","vNET01-PRD-RDS-DD-AZE","sNET-PRD-RDS-DD-funcapp01-AZE","10.150.67.0/24","0","0","0"
"3eec82b4-e883-44ff-af95-6216fdd479f9","GRP_PRD_SUB","vNET01-PRD-RDS-DD-AZE","sNET-PRD-RDS-DD-funcapp02-AZE","10.150.64.128/27","1","0","1"
"3eec82b4-e883-44ff-af95-6216fdd479f9","GRP_PRD_SUB","vNET01-PRD-RDS-DD-AZE","sNET-PRD-RDS-DD-logicapp01-AZE","10.150.68.0/24","0","0","0"
"3eec82b4-e883-44ff-af95-6216fdd479f9","GRP_PRD_SUB","vNET01-PRD-RDS-DD-AZE","sNET-PRD-RDS-DD-logicapp02-AZE","10.150.64.160/27","1","0","1"
"3eec82b4-e883-44ff-af95-6216fdd479f9","GRP_PRD_SUB","vNET01-PRD-RDS-DD-AZE","sNET-PRD-RDS-DD-dbwprv-AZE","10.150.66.0/24","1","1","0"
"3eec82b4-e883-44ff-af95-6216fdd479f9","GRP_PRD_SUB","vNET01-PRD-RDS-DD-AZE","sNET-PRD-RDS-DD-dbwpublic-AZE","10.150.65.0/24","1","1","0"
"3eec82b4-e883-44ff-af95-6216fdd479f9","GRP_PRD_SUB","vNET01-AIS-Prod-AUEast","sNet-GRP-PRD-AppGW","10.150.39.160/27","0","0","0"
"3eec82b4-e883-44ff-af95-6216fdd479f9","GRP_PRD_SUB","vNET01-AIS-Prod-AUEast","sNet-GRP-PRD-SBUS","10.150.39.192/27","0","0","0"
"3eec82b4-e883-44ff-af95-6216fdd479f9","GRP_PRD_SUB","vNET01-AIS-Prod-AUEast","spare","10.150.39.224/28","1","0","1"
"3eec82b4-e883-44ff-af95-6216fdd479f9","GRP_PRD_SUB","vNET01-AIS-Prod-AUEast","sNet-GRP-PRD-ISE-001","10.150.39.0/27","0","0","0"
"3eec82b4-e883-44ff-af95-6216fdd479f9","GRP_PRD_SUB","vNET01-AIS-Prod-AUEast","sNet-GRP-PRD-ISE-002","10.150.39.32/27","0","0","0"
"3eec82b4-e883-44ff-af95-6216fdd479f9","GRP_PRD_SUB","vNET01-AIS-Prod-AUEast","sNet-GRP-PRD-ISE-003","10.150.39.64/27","0","0","0"
"3eec82b4-e883-44ff-af95-6216fdd479f9","GRP_PRD_SUB","vNET01-AIS-Prod-AUEast","sNet-GRP-PRD-ISE-004","10.150.39.96/27","0","0","0"
"3eec82b4-e883-44ff-af95-6216fdd479f9","GRP_PRD_SUB","vNET01-AIS-Prod-AUEast","sNET-GRP-PRD-FAPP-001","10.150.32.32/27","0","0","0"
"3eec82b4-e883-44ff-af95-6216fdd479f9","GRP_PRD_SUB","vNET01-AIS-Prod-AUEast","sNet-GRP-PRD-IRVMs","10.150.32.64/27","1","1","0"
"3eec82b4-e883-44ff-af95-6216fdd479f9","GRP_PRD_SUB","vNET01-AIS-Prod-AUEast","sNET-GRP-PRD-PEP","10.150.32.0/27","14","0","14"
"3eec82b4-e883-44ff-af95-6216fdd479f9","GRP_PRD_SUB","vNET01-AIS-Prod-AUEast","sNet-GRP-PROD-SFTP","10.150.33.0/27","0","0","0"
"3eec82b4-e883-44ff-af95-6216fdd479f9","GRP_PRD_SUB","vNET01-AIS-Prod-AUEast","sNet-GRP-PRD-APIM-STV2","10.150.35.0/27","0","0","0"
"3eec82b4-e883-44ff-af95-6216fdd479f9","GRP_PRD_SUB","vNET01-AIS-Prod-AUEast","sNet-GRP-PRD-APIM","10.150.39.128/27","3","0","0"
"3eec82b4-e883-44ff-af95-6216fdd479f9","GRP_PRD_SUB","vNET01-AIS-Prod-AUEast","sNET-PRD-ASE-APPS-AZE","10.150.36.0/24","1","0","0"
"3eec82b4-e883-44ff-af95-6216fdd479f9","GRP_PRD_SUB","vNET01-AIS-Prod-AUEast","AzureBastionSubnet","10.150.32.128/26","1","0","0"
"3eec82b4-e883-44ff-af95-6216fdd479f9","GRP_PRD_SUB","vNET01-AIS-Prod-AUEast","sNet-GRP-PRD-LASTD-001","10.150.34.0/24","1","0","0"
"3eec82b4-e883-44ff-af95-6216fdd479f9","GRP_PRD_SUB","vNET01-AIS-Prod-AUEast","sNET-PRD-APPS-PEP-AZE","10.150.37.0/27","3","0","3"
"3eec82b4-e883-44ff-af95-6216fdd479f9","GRP_PRD_SUB","vNET-Prod-SQLMI-AZE","sNET01-Prod-SQLMI-AZE","10.150.48.128/25","2","0","0"
"3eec82b4-e883-44ff-af95-6216fdd479f9","GRP_PRD_SUB","vNET01-SPL-Prod-AUEast","sNET01-SPL-Prod-External-AUEast","10.150.30.0/23","0","0","0"
"3eec82b4-e883-44ff-af95-6216fdd479f9","GRP_PRD_SUB","vNET01-SPL-Prod-AUEast","sNET01-SPL-Prod-Internal-AUEast","10.150.28.0/23","1","1","0"
"3eec82b4-e883-44ff-af95-6216fdd479f9","GRP_PRD_SUB","vNET01-SPL-Prod-AUEast","sNET01-SPL-Prod-Backend-AUEast","10.150.26.0/23","0","0","0"
"3eec82b4-e883-44ff-af95-6216fdd479f9","GRP_PRD_SUB","vNET01-SPL-Prod-AUEast","sNET-GRP-PRD-EDWingest-AZE","10.150.25.192/28","7","2","5"
"3eec82b4-e883-44ff-af95-6216fdd479f9","GRP_PRD_SUB","vNET01-SPL-Prod-AUEast","sNET-GRP-PRD-EDWstore-AZE","10.150.25.208/28","3","0","3"
"3eec82b4-e883-44ff-af95-6216fdd479f9","GRP_PRD_SUB","vNET01-SPL-Prod-AUEast","sNET-GRP-PRD-EDWprocess-AZE","10.150.25.224/28","1","0","1"
"3eec82b4-e883-44ff-af95-6216fdd479f9","GRP_PRD_SUB","vNET01-SPL-Prod-AUEast","sNET-GRP-PRD-EDWpresent-AZE","10.150.25.240/28","0","0","0"
"3eec82b4-e883-44ff-af95-6216fdd479f9","GRP_PRD_SUB","vNET01-SPL-Prod-AUEast","sNET-PRD-NZDYNLEGVNETINT-AZE","10.150.25.128/27","0","0","0"
"3eec82b4-e883-44ff-af95-6216fdd479f9","GRP_PRD_SUB","vNET01-SPL-Prod-AUEast","sNET-PRD-NZDYNLEGPBIEMBED-AZE","10.150.25.160/27","1","0","1"
"a758cf94-32c5-4c44-b12c-f55aee733b9e","GRP_TNI_NonPrd_SUB","workers-vnet","public-subnet","10.139.0.0/18","2","2","0"
"a758cf94-32c5-4c44-b12c-f55aee733b9e","GRP_TNI_NonPrd_SUB","workers-vnet","private-subnet","10.139.64.0/18","2","2","0"
"a758cf94-32c5-4c44-b12c-f55aee733b9e","GRP_TNI_NonPrd_SUB","workers-vnet","public-subnet","10.139.0.0/18","2","2","0"
"a758cf94-32c5-4c44-b12c-f55aee733b9e","GRP_TNI_NonPrd_SUB","workers-vnet","private-subnet","10.139.64.0/18","2","2","0"
"a758cf94-32c5-4c44-b12c-f55aee733b9e","GRP_TNI_NonPrd_SUB","vNet02-Dev-IFCORE-AZE","sNet01-DEV-IFCORE-AZE","10.150.225.128/26","0","0","0"
"a758cf94-32c5-4c44-b12c-f55aee733b9e","GRP_TNI_NonPrd_SUB","vNet02-Dev-IFCORE-AZE","sNet02-DEV-MGMT-AZE","10.150.225.192/27","0","0","0"
"a758cf94-32c5-4c44-b12c-f55aee733b9e","GRP_TNI_NonPrd_SUB","vNet02-Dev-IFCORE-AZE","sNET03-DEV-DATABRICKSPVT-AZE","10.150.224.0/25","0","0","0"
"a758cf94-32c5-4c44-b12c-f55aee733b9e","GRP_TNI_NonPrd_SUB","vNet02-Dev-IFCORE-AZE","sNET04-DEV-DATABRICKSPUB-AZE","10.150.224.128/25","0","0","0"
"a758cf94-32c5-4c44-b12c-f55aee733b9e","GRP_TNI_NonPrd_SUB","vNet02-Dev-IFCORE-AZE","sNET05-DEV-FUNCAPPS-AZE","10.150.225.0/25","0","0","0"
"a758cf94-32c5-4c44-b12c-f55aee733b9e","GRP_TNI_NonPrd_SUB","Vnet01-Tst-IFCORE-AZE","sNet01-TST-IFCORE-AZE","10.150.226.224/27","0","0","0"
"a758cf94-32c5-4c44-b12c-f55aee733b9e","GRP_TNI_NonPrd_SUB","Vnet01-Tst-IFCORE-AZE","sNet02-TST-MGMT-AZE","10.150.226.192/28","0","0","0"
"a758cf94-32c5-4c44-b12c-f55aee733b9e","GRP_TNI_NonPrd_SUB","Vnet01-Tst-IFCORE-AZE","sNET03-TST-DATABRICKSPVT-AZE","10.150.226.0/26","0","0","0"
"a758cf94-32c5-4c44-b12c-f55aee733b9e","GRP_TNI_NonPrd_SUB","Vnet01-Tst-IFCORE-AZE","sNET04-TST-DATABRICKSPUB-AZE","10.150.226.64/26","0","0","0"
"a758cf94-32c5-4c44-b12c-f55aee733b9e","GRP_TNI_NonPrd_SUB","Vnet01-Tst-IFCORE-AZE","sNET05-TST-FUNCAPPS-AZE","10.150.226.128/26","0","0","0"
"8dc30744-b433-4c4f-b73d-20f674f5f6e7","GRP_TNI_PRD_SUB","workers-vnet","public-subnet","10.139.0.0/18","2","2","0"
"8dc30744-b433-4c4f-b73d-20f674f5f6e7","GRP_TNI_PRD_SUB","workers-vnet","private-subnet","10.139.64.0/18","2","2","0"
"8dc30744-b433-4c4f-b73d-20f674f5f6e7","GRP_TNI_PRD_SUB","vNET01-PRD-IFCORE-AZE","sNET01-PRD-IFCORE-AZE","10.150.95.64/26","0","0","0"
"8dc30744-b433-4c4f-b73d-20f674f5f6e7","GRP_TNI_PRD_SUB","vNET01-PRD-IFCORE-AZE","sNET02-PRD-IFSHARED-AZE","10.150.95.0/28","0","0","0"
"8dc30744-b433-4c4f-b73d-20f674f5f6e7","GRP_TNI_PRD_SUB","vNET01-PRD-IFCORE-AZE","sNET03-PRD-MGMT-AZE","10.150.95.16/28","0","0","0"
"8dc30744-b433-4c4f-b73d-20f674f5f6e7","GRP_TNI_PRD_SUB","vNET01-PRD-IFCORE-AZE","sNET04-PRD-SHIRS-AZE","10.150.95.32/28","0","0","0"
"8dc30744-b433-4c4f-b73d-20f674f5f6e7","GRP_TNI_PRD_SUB","vNET01-PRD-IFCORE-AZE","sNET05-PRD-DATABRICKSPVT-AZE","10.150.92.0/24","0","0","0"
"8dc30744-b433-4c4f-b73d-20f674f5f6e7","GRP_TNI_PRD_SUB","vNET01-PRD-IFCORE-AZE","sNET06-PRD-DATABRICKSPUB-AZE","10.150.93.0/24","0","0","0"
"8dc30744-b433-4c4f-b73d-20f674f5f6e7","GRP_TNI_PRD_SUB","vNET01-PRD-IFCORE-AZE","sNET07-PRD-FUNCAPPS-AZE","10.150.94.0/24","0","0","0"
"6a98632c-f5b5-44c3-b71e-cbd3710c778f","HUB_NONPRD_SUB","repair-AUAZEDH_VNET","repair-AUAZEDH_Subnet","10.0.0.0/24","0","0","0"
"6a98632c-f5b5-44c3-b71e-cbd3710c778f","HUB_NONPRD_SUB","repair-auazedw_VNET","repair-auazedw_Subnet","10.0.0.0/24","0","0","0"
"6a98632c-f5b5-44c3-b71e-cbd3710c778f","HUB_NONPRD_SUB","repair-NZAZEDH_VNET","repair-NZAZEDH_Subnet","10.0.0.0/24","0","0","0"
"6a98632c-f5b5-44c3-b71e-cbd3710c778f","HUB_NONPRD_SUB","repair-nzazedh_VNET","repair-nzazedh_Subnet","10.0.0.0/24","0","0","0"
"6a98632c-f5b5-44c3-b71e-cbd3710c778f","HUB_NONPRD_SUB","vNET01-HUB-NonProd-Test-AUEast","sNET01-HUB-NonProd-Test-AUEast","10.150.170.0/24","0","0","0"
"6a98632c-f5b5-44c3-b71e-cbd3710c778f","HUB_NONPRD_SUB","vNET01-NonProd-AUEast","sNET-HUB-NonProd-External-AUEast","10.150.140.0/23","20","11","6"
"6a98632c-f5b5-44c3-b71e-cbd3710c778f","HUB_NONPRD_SUB","vNET01-NonProd-AUEast","sNet01-HUB-NonProd-Management-AUEast","10.150.143.128/26","1","1","0"
"6a98632c-f5b5-44c3-b71e-cbd3710c778f","HUB_NONPRD_SUB","vNET01-NonProd-AUEast","sNET-HUB-NonProd-BackEnd-AUEast","10.150.136.0/23","28","3","25"
"6a98632c-f5b5-44c3-b71e-cbd3710c778f","HUB_NONPRD_SUB","vNET01-NonProd-AUEast","sNET-HUB-NonProd-Internal-AUEast","10.150.138.0/23","48","21","27"
"6a98632c-f5b5-44c3-b71e-cbd3710c778f","HUB_NONPRD_SUB","vNET01-NonProd-AUEast","sNET01-NONPRD-HubEAG-AZE","10.150.192.0/25","0","0","0"
"6a98632c-f5b5-44c3-b71e-cbd3710c778f","HUB_NONPRD_SUB","vNET01-NonProd-AUEast","sNET03-NONPRD-HubIAG-AZE","10.150.193.0/25","1","0","0"
"6a98632c-f5b5-44c3-b71e-cbd3710c778f","HUB_NONPRD_SUB","vNET01-NonProd-AUEast","sNET04-NONPRD-HubIAGv1-AZE","10.150.193.128/25","1","0","0"
"6a98632c-f5b5-44c3-b71e-cbd3710c778f","HUB_NONPRD_SUB","vNET01-NonProd-AUEast","AzureBastionSubnet","10.150.142.0/26","0","0","0"
"6a98632c-f5b5-44c3-b71e-cbd3710c778f","HUB_NONPRD_SUB","vNET01-NonProd-AUEast","sNET02-NONPRD-HubIAG-AZE","10.150.192.128/25","1","0","0"
"7e8fe05d-87ae-4f58-823f-636d176599d0","HUB_PRD_SUB","repair-NZAZEDH_VNET","repair-NZAZEDH_Subnet","10.0.0.0/24","0","0","0"
"7e8fe05d-87ae-4f58-823f-636d176599d0","HUB_PRD_SUB","vNET01-HUB-PRD-ActiveDirectory-AZE","sNET02-HUB-PRD-ActiveDirectory-AZE","10.150.51.192/26","0","0","0"
"7e8fe05d-87ae-4f58-823f-636d176599d0","HUB_PRD_SUB","vNET01-HUB-PRD-ActiveDirectory-AZE","sNET01-HUB-PRD-ActiveDirectory-AZE","10.150.51.128/26","1","1","0"
"7e8fe05d-87ae-4f58-823f-636d176599d0","HUB_PRD_SUB","vNET01-HUB-Prod-Test-AUEast","sNET01-HUB-Prod-Test-AUEast","10.150.34.0/24","0","0","0"
"7e8fe05d-87ae-4f58-823f-636d176599d0","HUB_PRD_SUB","vNET02-Prod-AUEast","sNET01-HUB-Prod-Internal-AZE","10.150.49.0/28","4","4","0"
"7e8fe05d-87ae-4f58-823f-636d176599d0","HUB_PRD_SUB","AU_PRD_SUB-vNET01-Migrate-01","GatewaySubnet","10.150.86.0/26","0","0","0"
"7e8fe05d-87ae-4f58-823f-636d176599d0","HUB_PRD_SUB","AU_PRD_SUB-vNET01-Migrate-01","PE-Subnet","10.150.86.64/26","1","0","1"
"7e8fe05d-87ae-4f58-823f-636d176599d0","HUB_PRD_SUB","vNET01-NZL-PRD-ADtenix-AZE","sNET01-NZL-PRD-ADtenix-AZE","10.150.50.128/27","1","1","0"
"7e8fe05d-87ae-4f58-823f-636d176599d0","HUB_PRD_SUB","vNET01-NZL-PRD-ADworks-AZE","sNET01-NZL-PRD-ADworks-AZE","10.150.50.0/27","2","2","0"
"7e8fe05d-87ae-4f58-823f-636d176599d0","HUB_PRD_SUB","vNET01-Prod-AUEast","sNET-Prod-BackEnd-AUEast","10.144.1.0/24","2","2","0"
"7e8fe05d-87ae-4f58-823f-636d176599d0","HUB_PRD_SUB","vNET01-Prod-AUEast","GatewaySubnet","10.144.255.192/26","2","0","0"
"7e8fe05d-87ae-4f58-823f-636d176599d0","HUB_PRD_SUB","vNET01-Prod-AUEast","sNET-Prod-External-AUEast","10.144.200.0/24","0","0","0"
"7e8fe05d-87ae-4f58-823f-636d176599d0","HUB_PRD_SUB","vNET01-Prod-AUEast","sNET01-HUB-Prod-DMZMgt-AUEast","10.150.0.96/28","2","2","0"
"7e8fe05d-87ae-4f58-823f-636d176599d0","HUB_PRD_SUB","vNET01-Prod-AUEast","sNET01-HUB-Prod-DMZSyn-AUEast","10.150.0.112/28","2","2","0"
"7e8fe05d-87ae-4f58-823f-636d176599d0","HUB_PRD_SUB","vNET01-Prod-AUEast","sNET01-HUB-Prod-External-AUEast","10.150.6.0/23","18","16","0"
"7e8fe05d-87ae-4f58-823f-636d176599d0","HUB_PRD_SUB","vNET01-Prod-AUEast","sNet01-HUB-Prod-Mgmt-AUEast","10.150.0.128/25","4","2","2"
"7e8fe05d-87ae-4f58-823f-636d176599d0","HUB_PRD_SUB","vNET01-Prod-AUEast","sNET01-HUB-Prod-Backend-AUEast","10.150.2.0/23","26","6","20"
"7e8fe05d-87ae-4f58-823f-636d176599d0","HUB_PRD_SUB","vNET01-Prod-AUEast","sNET01-HUB-Prod-Internal-AUEast","10.150.4.0/23","38","20","18"
"7e8fe05d-87ae-4f58-823f-636d176599d0","HUB_PRD_SUB","vNET01-Prod-AUEast","AzureBastionSubnet","10.150.0.0/26","1","0","0"
"7e8fe05d-87ae-4f58-823f-636d176599d0","HUB_PRD_SUB","vNET01-Prod-AUEast","sNET02-PRD-HubIAG-AZE","10.150.56.128/25","1","0","0"
"7e8fe05d-87ae-4f58-823f-636d176599d0","HUB_PRD_SUB","vNET01-Prod-AUEast","sNET01-PRD-HubEAG-AZE","10.150.56.0/25","0","0","0"
"7e8fe05d-87ae-4f58-823f-636d176599d0","HUB_PRD_SUB","vNET01-Prod-AUEast","sNET03-PRD-HubIAGv1-AZE","10.150.57.0/25","1","0","0"
"7e8fe05d-87ae-4f58-823f-636d176599d0","HUB_PRD_SUB","vNET01-Prod-AUEast","sNET-Prod-Internal-AUEast","10.144.10.0/24","6","0","6"
"7e8fe05d-87ae-4f58-823f-636d176599d0","HUB_PRD_SUB","vNET01-Prod-AUEast","sNET01-HUB-Prod-DMZin-AUEast","10.150.1.128/25","11","9","0"
"7e8fe05d-87ae-4f58-823f-636d176599d0","HUB_PRD_SUB","vNET01-Prod-AUEast","sNET01-HUB-Prod-DMZout-AUEast","10.150.1.0/25","23","22","1"
"7e8fe05d-87ae-4f58-823f-636d176599d0","HUB_PRD_SUB","vNET01-Prod-AUEast","sNET02-HUB-Prod-DMZin-AUEast","10.150.57.128/28","3","2","0"
"7e8fe05d-87ae-4f58-823f-636d176599d0","HUB_PRD_SUB","vNET01-Prod-AUEast","sNET02-HUB-Prod-DMZout-AUEast","10.150.57.144/28","2","2","0"
"7e8fe05d-87ae-4f58-823f-636d176599d0","HUB_PRD_SUB","vNET01-Prod-AUEast","sNET02-HUB-Prod-DMZSyn-AUEast","10.150.57.160/28","2","2","0"
"7e8fe05d-87ae-4f58-823f-636d176599d0","HUB_PRD_SUB","vNET01-Prod-AUEast","sNET02-HUB-Prod-DMZProtected-AUEast","10.150.57.192/28","0","0","0"
"7e8fe05d-87ae-4f58-823f-636d176599d0","HUB_PRD_SUB","vNET01-Prod-AUEast","sNET02-HUB-Prod-DMZMgt-AUEast","10.150.57.176/28","2","2","0"
"50f2a5d1-5d8b-482f-b23f-6595f72286e3","IDENTITY_SUB_01","vNET01-Identity-acudn-Prod","DomainControllers","10.156.0.0/25","0","0","0"
"50f2a5d1-5d8b-482f-b23f-6595f72286e3","IDENTITY_SUB_01","vNET01-Identity-acudn-Prod","PrivateEndpoint","10.156.0.128/26","0","0","0"
"50f2a5d1-5d8b-482f-b23f-6595f72286e3","IDENTITY_SUB_01","vNET01-Identity-ADExternal-Prod","DomainControllers","10.156.4.0/25","2","0","2"
"50f2a5d1-5d8b-482f-b23f-6595f72286e3","IDENTITY_SUB_01","vNET01-Identity-ADExternal-Prod","PrivateEndpoint","10.156.4.128/26","0","0","0"
"50f2a5d1-5d8b-482f-b23f-6595f72286e3","IDENTITY_SUB_01","vNET01-Identity-ADInternal-Prod","DomainControllers","10.156.3.0/25","3","0","3"
"50f2a5d1-5d8b-482f-b23f-6595f72286e3","IDENTITY_SUB_01","vNET01-Identity-ADInternal-Prod","PrivateEndpoint","10.156.3.128/26","0","0","0"
"50f2a5d1-5d8b-482f-b23f-6595f72286e3","IDENTITY_SUB_01","vNET01-Identity-downergroup-Prod","DomainControllers","10.156.6.0/25","0","0","0"
"50f2a5d1-5d8b-482f-b23f-6595f72286e3","IDENTITY_SUB_01","vNET01-Identity-downergroup-Prod","PrivateEndpoint","10.156.6.128/26","0","0","0"
"50f2a5d1-5d8b-482f-b23f-6595f72286e3","IDENTITY_SUB_01","vNET01-Identity-insideedirail-Prod","DomainControllers","10.156.7.0/25","0","0","0"
"50f2a5d1-5d8b-482f-b23f-6595f72286e3","IDENTITY_SUB_01","vNET01-Identity-insideedirail-Prod","PrivateEndpoint","10.156.7.128/26","0","0","0"
"50f2a5d1-5d8b-482f-b23f-6595f72286e3","IDENTITY_SUB_01","vNET01-Identity-roche-Prod","DomainControllers","10.156.2.0/25","0","0","0"
"50f2a5d1-5d8b-482f-b23f-6595f72286e3","IDENTITY_SUB_01","vNET01-Identity-roche-Prod","PrivateEndpoint","10.156.2.128/25","0","0","0"
"50f2a5d1-5d8b-482f-b23f-6595f72286e3","IDENTITY_SUB_01","vNET01-Identity-tenix-Prod","DomainControllers","10.156.1.0/25","0","0","0"
"50f2a5d1-5d8b-482f-b23f-6595f72286e3","IDENTITY_SUB_01","vNET01-Identity-tenix-Prod","PrivateEndpoint","10.156.1.128/26","0","0","0"
"50f2a5d1-5d8b-482f-b23f-6595f72286e3","IDENTITY_SUB_01","vNET01-Identity-works-Prod","DomainControllers","10.156.5.0/25","0","0","0"
"50f2a5d1-5d8b-482f-b23f-6595f72286e3","IDENTITY_SUB_01","vNET01-Identity-works-Prod","PrivateEndpoint","10.156.5.128/26","0","0","0"
"50f2a5d1-5d8b-482f-b23f-6595f72286e3","IDENTITY_SUB_01","testadfsvnet","default","10.2.0.0/24","0","0","0"
"50f2a5d1-5d8b-482f-b23f-6595f72286e3","IDENTITY_SUB_01","testvnetradius","default","10.0.0.0/24","0","0","0"
"8596f170-de6d-49c6-be0b-2875e9694dd9","LGY_NONPRD_SUB","vNET01-LGY-NonProd-AUEast","sNET01-LGY-NonProd-Backend-AUEast","10.150.176.0/23","0","0","0"
"8596f170-de6d-49c6-be0b-2875e9694dd9","LGY_NONPRD_SUB","vNET01-LGY-NonProd-AUEast","sNET01-LGY-NonProd-Internal-AUEast","10.150.178.0/23","1","0","1"
"8596f170-de6d-49c6-be0b-2875e9694dd9","LGY_NONPRD_SUB","vNET01-LGY-NonProd-AUEast","sNET01-LGY-NonProd-External-AUEast","10.150.180.0/23","0","0","0"
"8596f170-de6d-49c6-be0b-2875e9694dd9","LGY_NONPRD_SUB","vNET01-LGY-NonProd-AUEast","sNET01-LGY-NonProd-CtnAus-AuEast","10.150.182.0/27","0","0","0"
"8596f170-de6d-49c6-be0b-2875e9694dd9","LGY_NONPRD_SUB","vNET01-LGY-NonProd-AUEast","sNET01-LGY-NonProd-DegAus-AuEast","10.150.182.32/27","0","0","0"
"8596f170-de6d-49c6-be0b-2875e9694dd9","LGY_NONPRD_SUB","vNET01-LGY-NonProd-AUEast","sNET01-LGY-NonProd-EDI-AuEast","10.150.182.64/27","0","0","0"
"8596f170-de6d-49c6-be0b-2875e9694dd9","LGY_NONPRD_SUB","vNET01-LGY-NonProd-AUEast","sNET01-LGY-NonProd-EDIEnt-AuEast","10.150.182.96/27","0","0","0"
"8596f170-de6d-49c6-be0b-2875e9694dd9","LGY_NONPRD_SUB","vNET01-LGY-NonProd-AUEast","sNET01-LGY-NonProd-GRP-AuEast","10.150.182.128/27","0","0","0"
"8596f170-de6d-49c6-be0b-2875e9694dd9","LGY_NONPRD_SUB","vNET01-LGY-NonProd-AUEast","sNET01-LGY-NonProd-RAL-AuEast","10.150.182.160/27","0","0","0"
"8596f170-de6d-49c6-be0b-2875e9694dd9","LGY_NONPRD_SUB","vNET01-LGY-NonProd-AUEast","sNET01-LGY-NonProd-Roche-AuEast","10.150.182.192/27","0","0","0"
"8596f170-de6d-49c6-be0b-2875e9694dd9","LGY_NONPRD_SUB","vNET01-LGY-NonProd-AUEast","sNET01-LGY-NonProd-Tenix-AuEast","10.150.182.224/27","0","0","0"
"8596f170-de6d-49c6-be0b-2875e9694dd9","LGY_NONPRD_SUB","vNET01-LGY-NonProd-AUEast","sNET01-LGY-NonProd-WorksInfra-AuEast","10.150.183.0/27","0","0","0"
"8596f170-de6d-49c6-be0b-2875e9694dd9","LGY_NONPRD_SUB","vNET01-LGY-NonProd-AUEast","sNET01-LGY-NonProd-SQLMI-AuEast","10.150.183.128/25","0","0","0"
"00081bc7-1fab-4ced-954f-381ee6c52437","LGY_PRD_SUB","vNET01-LGY-Prod-AUEast","sNET01-LGY-Prod-Backend-AUEast","10.150.40.0/23","2","1","1"
"00081bc7-1fab-4ced-954f-381ee6c52437","LGY_PRD_SUB","vNET01-LGY-Prod-AUEast","sNET01-LGY-Prod-External-AUEast","10.150.44.0/23","0","0","0"
"00081bc7-1fab-4ced-954f-381ee6c52437","LGY_PRD_SUB","vNET01-LGY-Prod-AUEast","sNET01-LGY-Prod-Internal-AUEast","10.150.42.0/23","15","14","1"
"00081bc7-1fab-4ced-954f-381ee6c52437","LGY_PRD_SUB","vNET01-LGY-Prod-AUEast","sNET01-LGY-Prod-CtnAus-AuEast","10.150.46.0/27","0","0","0"
"00081bc7-1fab-4ced-954f-381ee6c52437","LGY_PRD_SUB","vNET01-LGY-Prod-AUEast","sNET01-LGY-Prod-DegAus-AuEast","10.150.46.32/27","0","0","0"
"00081bc7-1fab-4ced-954f-381ee6c52437","LGY_PRD_SUB","vNET01-LGY-Prod-AUEast","sNET01-LGY-Prod-EDI-AuEast","10.150.46.64/27","0","0","0"
"00081bc7-1fab-4ced-954f-381ee6c52437","LGY_PRD_SUB","vNET01-LGY-Prod-AUEast","sNET01-LGY-Prod-EDIEnt-AuEast","10.150.46.96/27","0","0","0"
"00081bc7-1fab-4ced-954f-381ee6c52437","LGY_PRD_SUB","vNET01-LGY-Prod-AUEast","sNET01-LGY-Prod-GRP-AuEast","10.150.46.128/27","0","0","0"
"00081bc7-1fab-4ced-954f-381ee6c52437","LGY_PRD_SUB","vNET01-LGY-Prod-AUEast","sNET01-LGY-Prod-RAL-AuEast","10.150.46.160/27","0","0","0"
"00081bc7-1fab-4ced-954f-381ee6c52437","LGY_PRD_SUB","vNET01-LGY-Prod-AUEast","sNET01-LGY-Prod-Roche-AuEast","10.150.46.192/27","0","0","0"
"00081bc7-1fab-4ced-954f-381ee6c52437","LGY_PRD_SUB","vNET01-LGY-Prod-AUEast","sNET01-LGY-Prod-Tenix-AuEast","10.150.46.224/27","0","0","0"
"00081bc7-1fab-4ced-954f-381ee6c52437","LGY_PRD_SUB","vNET01-LGY-Prod-AUEast","sNET01-LGY-Prod-WorksInfra-AuEast","10.150.47.0/27","0","0","0"
"00081bc7-1fab-4ced-954f-381ee6c52437","LGY_PRD_SUB","vNET01-LGY-Prod-AUEast","sNET01-LGY-Prod-RoboticsInfra-AUEast","10.150.47.32/27","0","0","0"
"a9ced750-733d-4574-8d1d-3caae72d9403","Management_SUB_01","vNET01-Management-Prod-AUEast","PrivateEndpoint","10.156.10.0/23","0","0","0"
"a9ced750-733d-4574-8d1d-3caae72d9403","Management_SUB_01","vNET01-Management-Prod-AUEast","Management","10.156.8.0/23","19","19","0"
"a9ced750-733d-4574-8d1d-3caae72d9403","Management_SUB_01","vNET01-Management-Prod-AUEast","Netscaler","10.156.12.16/28","1","1","0"
"a9ced750-733d-4574-8d1d-3caae72d9403","Management_SUB_01","vNET01-Management-Prod-AUEast","Checkpoint","10.156.12.0/28","1","1","0"
"a9ced750-733d-4574-8d1d-3caae72d9403","Management_SUB_01","vNET01-Management-Prod-AUEast","Public","10.156.12.32/27","0","0","0"
"a9ced750-733d-4574-8d1d-3caae72d9403","Management_SUB_01","testvnet","default","10.0.0.0/24","0","0","0"
"a9ced750-733d-4574-8d1d-3caae72d9403","Management_SUB_01","testvnet","external","10.0.1.0/24","0","0","0"
"a9ced750-733d-4574-8d1d-3caae72d9403","Management_SUB_01","testvnet","MGMT","10.0.2.0/24","0","0","0"
"a626613f-7362-4a7a-af26-380893ffca33","Nuix_SUB","vNET-AE-PROD-NUIX-01","SNET-NUIXNEO","10.156.26.128/26","4","4","0"
"a626613f-7362-4a7a-af26-380893ffca33","Nuix_SUB","vNET-AE-PROD-NUIX-01","AzureBastionSubnet","10.156.26.192/26","0","0","0"
"e138b8c1-a794-46a6-9697-f21e08a3ff27","NZ_AVS_PRD_SUB","vNET01-NZL-PRD-AVS-AUEast","GatewaySubnet","10.150.79.128/27","1","0","0"
"e138b8c1-a794-46a6-9697-f21e08a3ff27","NZ_AVS_PRD_SUB","vNET01-NZL-PRD-AVS-AUEast","sNET03-NZ-AVS-PRD-BackupEndpoint-AUEast","10.150.79.160/27","9","0","9"
"e138b8c1-a794-46a6-9697-f21e08a3ff27","NZ_AVS_PRD_SUB","vNET01-NZL-PRD-AVS-AUEast","sNET02-NZ-AVS-PRD-BackupServer-AUEast","10.150.79.192/26","10","1","9"
"f68901ba-3f12-475a-bbd5-f3a07b014dba","NZL_DEV_SUB","vNET99-DEV-FuseSDAPoc-AZE","vNET99-DEV-FuseSDAPoc-AZE.sNET01-DEV-backend-AZE","10.0.1.0/24","1","0","1"
"f68901ba-3f12-475a-bbd5-f3a07b014dba","NZL_DEV_SUB","vNET99-DEV-FuseSDAPoc-AZE","vNET99-DEV-FuseSDAPoc-AZE.sNET02-DEV-appservice-AZE","10.0.2.0/24","0","0","0"
"f68901ba-3f12-475a-bbd5-f3a07b014dba","NZL_DEV_SUB","rgGeneralPurpose-vnet","default","192.168.128.0/24","1","1","0"
"c8c2a8de-2c7f-418d-b888-18e77e4dd890","NZL_NONPRD_SUB","DXC-Maint-RG-vnet","default","10.0.0.0/24","0","0","0"
"c8c2a8de-2c7f-418d-b888-18e77e4dd890","NZL_NONPRD_SUB","vNET01-NZL-NonProd-AUEast","sNET01-NZL-NonProd-External-AUEast","10.150.158.0/23","0","0","0"
"c8c2a8de-2c7f-418d-b888-18e77e4dd890","NZL_NONPRD_SUB","vNET01-NZL-NonProd-AUEast","sNET01-NZL-NonProd-SQLMI-AUEast","10.150.155.0/24","1","0","0"
"c8c2a8de-2c7f-418d-b888-18e77e4dd890","NZL_NONPRD_SUB","vNET01-NZL-NonProd-AUEast","sNET01-NZL-NonProd-Backend-AUEast","10.150.154.0/24","36","11","25"
"c8c2a8de-2c7f-418d-b888-18e77e4dd890","NZL_NONPRD_SUB","vNET01-NZL-NonProd-AUEast","sNET01-NZL-NonProd-Backend2-AUEast","10.150.152.0/27","10","10","0"
"c8c2a8de-2c7f-418d-b888-18e77e4dd890","NZL_NONPRD_SUB","vNET01-NZL-NonProd-AUEast","sNET01-NZL-NonProd-Internal-AUEast","10.150.156.0/23","26","25","1"
"c8c2a8de-2c7f-418d-b888-18e77e4dd890","NZL_NONPRD_SUB","vNET01-NZL-NonProd-AUEast","sNET01-NZL-NonProd-SQLMI01-AUEast","10.150.152.64/26","0","0","0"
"7bb0d9a4-5a48-4968-abcf-855a12ecc02f","NZL_PRD_SUB","vNET01-NZL-Prod-AUEast","sNET01-NZL-Prod-Internal-AUEast","10.150.20.0/23","73","36","37"
"7bb0d9a4-5a48-4968-abcf-855a12ecc02f","NZL_PRD_SUB","vNET01-NZL-Prod-AUEast","sNET01-NZL-Prod-SQLMI-AUEast","10.150.19.0/24","1","0","0"
"7bb0d9a4-5a48-4968-abcf-855a12ecc02f","NZL_PRD_SUB","vNET01-NZL-Prod-AUEast","sNET01-NZL-Prod-Backend-AUEast","10.150.18.0/24","34","4","30"
"7bb0d9a4-5a48-4968-abcf-855a12ecc02f","NZL_PRD_SUB","vNET01-NZL-Prod-AUEast","sNET01-NZL-Prod-Backend2-AUEast","10.150.16.0/27","9","5","4"
"7bb0d9a4-5a48-4968-abcf-855a12ecc02f","NZL_PRD_SUB","vNET01-NZL-Prod-AUEast","sNET01-NZL-Prod-External-AUEast","10.150.22.0/23","8","2","6"
"7bb0d9a4-5a48-4968-abcf-855a12ecc02f","NZL_PRD_SUB","vNET01-NZL-Prod-AUEast","azuremigrate-test-subnet","10.150.17.0/28","0","0","0"
"7bb0d9a4-5a48-4968-abcf-855a12ecc02f","NZL_PRD_SUB","vNET01-NZL-Prod-AUEast","sNET01-NZL-Prod-SQLMI01-AUEast","10.150.16.64/26","0","0","0"
"cc95f550-e73f-4063-8d2f-7997896aa5cb","RAIL_NonProd_SUB","vNET01-RAIL_NonProd","AppGatewaySubnet","10.156.25.192/27","0","0","0"
"cc95f550-e73f-4063-8d2f-7997896aa5cb","RAIL_NonProd_SUB","vNET01-RAIL_NonProd","Public","10.156.25.224/28","0","0","0"
"cc95f550-e73f-4063-8d2f-7997896aa5cb","RAIL_NonProd_SUB","vNET01-RAIL_NonProd","LB-Subnet","10.156.25.240/28","1","0","0"
"cc95f550-e73f-4063-8d2f-7997896aa5cb","RAIL_NonProd_SUB","vNET01-RAIL_NonProd","Internal","10.156.25.0/25","5","5","0"
"cc95f550-e73f-4063-8d2f-7997896aa5cb","RAIL_NonProd_SUB","vNET01-RAIL_NonProd","AzureBastionSubnet","10.156.25.128/26","1","0","0"
"cc95f550-e73f-4063-8d2f-7997896aa5cb","RAIL_NonProd_SUB","vNET01-RAIL_NonProd_disconnected","default","10.0.0.0/24","0","0","0"
"cc95f550-e73f-4063-8d2f-7997896aa5cb","RAIL_NonProd_SUB","vNET01-RAIL_NonProd_disconnected","AzureBastionSubnet","10.0.1.0/26","1","0","0"
"cc95f550-e73f-4063-8d2f-7997896aa5cb","RAIL_NonProd_SUB","rescuevm-vnet","default","10.1.0.0/24","0","0","0"
"d8c6b9dd-2772-407c-af18-0df0dc011077","RAIL_Prod_SUB","vNET01-RAIL_TEST-Prod","default","10.0.0.0/24","0","0","0"
"d8c6b9dd-2772-407c-af18-0df0dc011077","RAIL_Prod_SUB","vNET01-RAIL_TEST2-Prod","default","10.1.0.0/24","0","0","0"
"d8c6b9dd-2772-407c-af18-0df0dc011077","RAIL_Prod_SUB","vNET01-RAIL_TEST2-Prod","AzureBastionSubnet","10.1.1.0/26","1","0","0"
"d8c6b9dd-2772-407c-af18-0df0dc011077","RAIL_Prod_SUB","vNET01-RAIL_Prod","Internal","10.156.24.0/25","10","6","4"
"d8c6b9dd-2772-407c-af18-0df0dc011077","RAIL_Prod_SUB","vNET01-RAIL_Prod","AppGatewaySubnet","10.156.24.192/27","0","0","0"
"d8c6b9dd-2772-407c-af18-0df0dc011077","RAIL_Prod_SUB","vNET01-RAIL_Prod","Public","10.156.24.224/28","0","0","0"
"d8c6b9dd-2772-407c-af18-0df0dc011077","RAIL_Prod_SUB","vNET01-RAIL_Prod","AzureBastionSubnet","10.156.24.128/26","0","0","0"
"d8c6b9dd-2772-407c-af18-0df0dc011077","RAIL_Prod_SUB","vNET01-RAIL_Prod","LB-Subnet","10.156.24.240/28","1","0","0"
"eea9a659-ed70-4c32-ae74-04cfe7050215","SAP_NONPROD_SUB_01","vNET01-SAP_NONPROD-Prod","DMZ","10.156.21.0/24","0","0","0"
"eea9a659-ed70-4c32-ae74-04cfe7050215","SAP_NONPROD_SUB_01","vNET01-SAP_NONPROD-Prod","PrivateEndpoint","10.156.22.0/24","0","0","0"
"eea9a659-ed70-4c32-ae74-04cfe7050215","SAP_NONPROD_SUB_01","vNET01-SAP_NONPROD-Prod","AzureBastionSubnet","10.156.23.0/26","0","0","0"
"eea9a659-ed70-4c32-ae74-04cfe7050215","SAP_NONPROD_SUB_01","vNET01-SAP_NONPROD-Prod","Internal","10.156.20.0/24","1","1","0"
"020cbbc6-28ec-4fd6-a2df-bf5f9c4fddb4","SAP_SUB_01","test","default","10.2.0.0/24","0","0","0"
"020cbbc6-28ec-4fd6-a2df-bf5f9c4fddb4","SAP_SUB_01","Clone-vnet-SAP-Prod-AUEast","Clone-Internal","10.156.22.0/26","3","2","1"
"020cbbc6-28ec-4fd6-a2df-bf5f9c4fddb4","SAP_SUB_01","Clone-vnet-SAP-Prod-AUEast","AzureBastionSubnet","10.156.22.64/26","1","0","0"
"020cbbc6-28ec-4fd6-a2df-bf5f9c4fddb4","SAP_SUB_01","vNET01-SAP-Prod-AUEast","PrivateEndpoint","10.156.18.0/24","1","0","1"
"020cbbc6-28ec-4fd6-a2df-bf5f9c4fddb4","SAP_SUB_01","vNET01-SAP-Prod-AUEast","AzureBastionSubnet","10.156.19.0/26","0","0","0"
"020cbbc6-28ec-4fd6-a2df-bf5f9c4fddb4","SAP_SUB_01","vNET01-SAP-Prod-AUEast","Internal","10.156.16.0/24","5","4","1"
"020cbbc6-28ec-4fd6-a2df-bf5f9c4fddb4","SAP_SUB_01","vNET01-SAP-Prod-AUEast","DMZ","10.156.17.0/24","1","1","0"
"4a64f2e9-a3af-4f2c-9bfe-2d98ea526231","SCIS_NonProd_SUB","vNET01-SCIS_NonProd","Internal","10.156.32.0/25","0","0","0"
"4a64f2e9-a3af-4f2c-9bfe-2d98ea526231","SCIS_NonProd_SUB","vNET01-SCIS_NonProd","AzureBastionSubnet","10.156.32.128/26","0","0","0"
"4a64f2e9-a3af-4f2c-9bfe-2d98ea526231","SCIS_NonProd_SUB","vNET01-SCIS_NonProd","AppGatewaySubnet","10.156.32.192/27","0","0","0"
"4a64f2e9-a3af-4f2c-9bfe-2d98ea526231","SCIS_NonProd_SUB","vNET01-SCIS_NonProd","Public","10.156.32.224/28","0","0","0"
"4a64f2e9-a3af-4f2c-9bfe-2d98ea526231","SCIS_NonProd_SUB","vNET01-SCIS_NonProd","LB-Subnet","10.156.32.240/28","1","0","0"
"0a983182-ea96-473a-847d-17a78e877d7b","SCIS_Prod_SUB","vNET01-SCIS_Prod","AzureBastionSubnet","10.156.28.128/26","0","0","0"
"0a983182-ea96-473a-847d-17a78e877d7b","SCIS_Prod_SUB","vNET01-SCIS_Prod","AppGatewaySubnet","10.156.28.192/27","0","0","0"
"0a983182-ea96-473a-847d-17a78e877d7b","SCIS_Prod_SUB","vNET01-SCIS_Prod","Public","10.156.28.224/28","0","0","0"
"0a983182-ea96-473a-847d-17a78e877d7b","SCIS_Prod_SUB","vNET01-SCIS_Prod","LB-Subnet","10.156.28.240/28","0","0","0"
"0a983182-ea96-473a-847d-17a78e877d7b","SCIS_Prod_SUB","vNET01-SCIS_Prod","Internal","10.156.28.0/25","1","1","0"
"ee1301f2-c4a1-4627-9485-5d77c2a9643a","Shared_Apps_NONPROD_SUB","vNET01-Shared_Apps_NONPROD","AppGatewaySubnet","10.156.29.192/27","0","0","0"
"ee1301f2-c4a1-4627-9485-5d77c2a9643a","Shared_Apps_NONPROD_SUB","vNET01-Shared_Apps_NONPROD","Public","10.156.29.224/28","0","0","0"
"ee1301f2-c4a1-4627-9485-5d77c2a9643a","Shared_Apps_NONPROD_SUB","vNET01-Shared_Apps_NONPROD","AzureBastionSubnet","10.156.29.128/26","0","0","0"
"ee1301f2-c4a1-4627-9485-5d77c2a9643a","Shared_Apps_NONPROD_SUB","vNET01-Shared_Apps_NONPROD","LB-Subnet","10.156.29.240/28","1","0","0"
"ee1301f2-c4a1-4627-9485-5d77c2a9643a","Shared_Apps_NONPROD_SUB","vNET01-Shared_Apps_NONPROD","Internal","10.156.29.0/25","1","1","0"
"e0610693-dfe6-4f1a-ac97-42a94f6cc78c","Shared_Apps_PROD_SUB","vNET01-DIBI_Prod","Internal","10.156.27.0/26","10","10","0"
"e0610693-dfe6-4f1a-ac97-42a94f6cc78c","Shared_Apps_PROD_SUB","vNET01-DIBI_Prod","AppGatewaySubnet","10.156.27.64/27","1","0","0"
"e0610693-dfe6-4f1a-ac97-42a94f6cc78c","Shared_Apps_PROD_SUB","vNET01-DIBI_Prod","Public","10.156.27.96/27","0","0","0"
"e0610693-dfe6-4f1a-ac97-42a94f6cc78c","Shared_Apps_PROD_SUB","vNET01-DIBI_Prod","AzureBastionSubnet","10.156.27.128/26","0","0","0"
"e0610693-dfe6-4f1a-ac97-42a94f6cc78c","Shared_Apps_PROD_SUB","vNET01-DIBI_Prod","LB-Subnet","10.156.27.192/27","1","0","0"
"06f856f5-9eb8-486a-a049-823f972499ec","SNO_EXT_SUB","VN-MEI-BI","SN-MEI-KeyVault","10.0.1.64/28","2","0","2"
"06f856f5-9eb8-486a-a049-823f972499ec","SNO_EXT_SUB","VN-MEI-BI","SN-MEI-BI","10.0.0.0/24","15","6","9"
"06f856f5-9eb8-486a-a049-823f972499ec","SNO_EXT_SUB","VN-MEI-BI","AzureBastionSubnet","10.0.1.0/26","1","0","0"
"06f856f5-9eb8-486a-a049-823f972499ec","SNO_EXT_SUB","VN-MEI-BI","SN-MEI-BI-SQL","10.0.2.0/24","5","0","5"
"06f856f5-9eb8-486a-a049-823f972499ec","SNO_EXT_SUB","VN-MEI-BI","SN-MEI-Kubernetes","10.0.4.0/23","0","0","0"
"06f856f5-9eb8-486a-a049-823f972499ec","SNO_EXT_SUB","VN-MEI-BI","AzureFirewallSubnet","10.0.7.0/26","1","0","0"
"bd1cbd40-caec-4de8-904d-5d939a38b7f1","Visual Studio Enterprise Subscription  MPN","workers-vnet","public-subnet","10.139.0.0/18","0","0","0"
"bd1cbd40-caec-4de8-904d-5d939a38b7f1","Visual Studio Enterprise Subscription  MPN","workers-vnet","private-subnet","10.139.64.0/18","0","0","0"
"bd1cbd40-caec-4de8-904d-5d939a38b7f1","Visual Studio Enterprise Subscription  MPN","VN-STU-Desktop","default","10.1.0.0/24","0","0","0"
"a606b479-c8b8-45ad-9208-eb87a4cf9755","Visual Studio Professional Subscription","workers-vnet","public-subnet","10.139.0.0/18","0","0","0"
"a606b479-c8b8-45ad-9208-eb87a4cf9755","Visual Studio Professional Subscription","workers-vnet","private-subnet","10.139.64.0/18","0","0","0"
