"SubscriptionId","SubscriptionName","ResourceGroupName","VNetName","VNetId","Location","AddressSpace","SubnetCount","WorkloadType","Tags"
"987e2911-c87e-414e-9483-9f14e199edef","ACUDN-Subscription-Prod","ACUDN-VN-EAU-Migrated","ACUDN-VN-EAU","/subscriptions/987e2911-c87e-414e-9483-9f14e199edef/resourceGroups/ACUDN-VN-EAU-Migrated/providers/Microsoft.Network/virtualNetworks/ACUDN-VN-EAU","australiaeast","172.19.0.0/16","2","Production","No tags"
"987e2911-c87e-414e-9483-9f14e199edef","ACUDN-Subscription-Prod","DownerTestLabRG291905","DtlDownerTestLab","/subscriptions/987e2911-c87e-414e-9483-9f14e199edef/resourceGroups/DownerTestLabRG291905/providers/Microsoft.Network/virtualNetworks/DtlDownerTestLab","australiaeast","10.0.0.0/20","1","Production","No tags"
"987e2911-c87e-414e-9483-9f14e199edef","ACUDN-Subscription-Prod","rg-Network-AustraliaEast","VNet-AustraliaEast","/subscriptions/987e2911-c87e-414e-9483-9f14e199edef/resourceGroups/rg-Network-AustraliaEast/providers/Microsoft.Network/virtualNetworks/VNet-AustraliaEast","australiaeast","172.21.0.0/16","20","Production","No tags"
"5a75d3bb-4842-4bb4-8cea-b524b09f8614","AU_NONPRD_SUB","repair-AUULTDWNWRD006-20240720142444","repair-AUULTDW_VNET","/subscriptions/5a75d3bb-4842-4bb4-8cea-b524b09f8614/resourceGroups/repair-AUULTDWNWRD006-20240720142444/providers/Microsoft.Network/virtualNetworks/repair-AUULTDW_VNET","australiaeast","10.0.0.0/16","1","Production","No tags"
"5a75d3bb-4842-4bb4-8cea-b524b09f8614","AU_NONPRD_SUB","repair-AUULTDWNWRD010-20240720142500","repair-AUULTDW_VNET","/subscriptions/5a75d3bb-4842-4bb4-8cea-b524b09f8614/resourceGroups/repair-AUULTDWNWRD010-20240720142500/providers/Microsoft.Network/virtualNetworks/repair-AUULTDW_VNET","australiaeast","10.0.0.0/16","1","Production","No tags"
"5a75d3bb-4842-4bb4-8cea-b524b09f8614","AU_NONPRD_SUB","RG-AU-Dev-Sciencelogic-AUEast","vNET01-AU-NonProd-AUEast","/subscriptions/5a75d3bb-4842-4bb4-8cea-b524b09f8614/resourceGroups/RG-AU-Dev-Sciencelogic-AUEast/providers/Microsoft.Network/virtualNetworks/vNET01-AU-NonProd-AUEast","australiaeast","10.0.0.0/16","1","Production","No tags"
"5a75d3bb-4842-4bb4-8cea-b524b09f8614","AU_NONPRD_SUB","RG-AU-NonProd-ASR-Network-AUEast","vNET01-AU-NonProd-Test-AUEast","/subscriptions/5a75d3bb-4842-4bb4-8cea-b524b09f8614/resourceGroups/RG-AU-NonProd-ASR-Network-AUEast/providers/Microsoft.Network/virtualNetworks/vNET01-AU-NonProd-Test-AUEast","australiaeast","10.150.172.0/24","1","Production","No tags"
"5a75d3bb-4842-4bb4-8cea-b524b09f8614","AU_NONPRD_SUB","RG-AU-NonProd-Network-AUEast","vNET01-AU-NonProd-AUEast","/subscriptions/5a75d3bb-4842-4bb4-8cea-b524b09f8614/resourceGroups/RG-AU-NonProd-Network-AUEast/providers/Microsoft.Network/virtualNetworks/vNET01-AU-NonProd-AUEast","australiaeast","10.150.144.0/21, 10.156.50.0/24","9","Production","No tags"
"5a75d3bb-4842-4bb4-8cea-b524b09f8614","AU_NONPRD_SUB","RG-DEV-TU-DOWNER-AUSND","dta-tu-vm-vnet","/subscriptions/5a75d3bb-4842-4bb4-8cea-b524b09f8614/resourceGroups/RG-DEV-TU-DOWNER-AUSND/providers/Microsoft.Network/virtualNetworks/dta-tu-vm-vnet","australiaeast","10.0.0.0/16","1","Production","No tags"
"5a75d3bb-4842-4bb4-8cea-b524b09f8614","AU_NONPRD_SUB","RG-NONPROD-JDEGS-AZE","VNET01-AU-JDEGS-NonProd-AUEast","/subscriptions/5a75d3bb-4842-4bb4-8cea-b524b09f8614/resourceGroups/RG-NONPROD-JDEGS-AZE/providers/Microsoft.Network/virtualNetworks/VNET01-AU-JDEGS-NonProd-AUEast","australiaeast","10.150.216.0/25","3","Production","No tags"
"5a75d3bb-4842-4bb4-8cea-b524b09f8614","AU_NONPRD_SUB","RG-Test-SAPBWUpgrade-AZE","vNET01-AU-Test-AUEast","/subscriptions/5a75d3bb-4842-4bb4-8cea-b524b09f8614/resourceGroups/RG-Test-SAPBWUpgrade-AZE/providers/Microsoft.Network/virtualNetworks/vNET01-AU-Test-AUEast","australiaeast","10.150.144.0/21","2","Production","No tags"
"19996f19-25d4-4d2b-8932-1d975c6a2b7d","AU_PRD_SUB","repair-AUAZEDAPWAP018-20240720093128","repair-AUAZEDA_VNET","/subscriptions/19996f19-25d4-4d2b-8932-1d975c6a2b7d/resourceGroups/repair-AUAZEDAPWAP018-20240720093128/providers/Microsoft.Network/virtualNetworks/repair-AUAZEDA_VNET","australiaeast","10.0.0.0/16","1","Production","No tags"
"19996f19-25d4-4d2b-8932-1d975c6a2b7d","AU_PRD_SUB","repair-RHO-LIC01-20240720104532","dmolokovVNET","/subscriptions/19996f19-25d4-4d2b-8932-1d975c6a2b7d/resourceGroups/repair-RHO-LIC01-20240720104532/providers/Microsoft.Network/virtualNetworks/dmolokovVNET","australiaeast","10.0.0.0/16","1","Production","No tags"
"19996f19-25d4-4d2b-8932-1d975c6a2b7d","AU_PRD_SUB","RG-AU-Prod-ASR-Network-AUEast","vNET01-AU-Prod-Test-AUEast","/subscriptions/19996f19-25d4-4d2b-8932-1d975c6a2b7d/resourceGroups/RG-AU-Prod-ASR-Network-AUEast/providers/Microsoft.Network/virtualNetworks/vNET01-AU-Prod-Test-AUEast","australiaeast","10.150.36.0/24","1","Production","No tags"
"19996f19-25d4-4d2b-8932-1d975c6a2b7d","AU_PRD_SUB","RG-AU-Prod-Network-AUEast","vNET01-AU-Prod-AUEast","/subscriptions/19996f19-25d4-4d2b-8932-1d975c6a2b7d/resourceGroups/RG-AU-Prod-Network-AUEast/providers/Microsoft.Network/virtualNetworks/vNET01-AU-Prod-AUEast","australiaeast","10.150.8.0/21","6","Production","No tags"
"19996f19-25d4-4d2b-8932-1d975c6a2b7d","AU_PRD_SUB","RG-PRD-JDEGS-AZE","VNET01-AU-JDEGS-Prod-AUEast","/subscriptions/19996f19-25d4-4d2b-8932-1d975c6a2b7d/resourceGroups/RG-PRD-JDEGS-AZE/providers/Microsoft.Network/virtualNetworks/VNET01-AU-JDEGS-Prod-AUEast","australiaeast","10.150.51.0/25","3","Production","No tags"
"bf624d28-560c-4932-8410-77233b811e6c","AU_SANDBOX_SUB","RG-AU-SandBox-Network-AUEast","vNET01-AU-SandBox-AUEast","/subscriptions/bf624d28-560c-4932-8410-77233b811e6c/resourceGroups/RG-AU-SandBox-Network-AUEast/providers/Microsoft.Network/virtualNetworks/vNET01-AU-SandBox-AUEast","australiaeast","172.97.8.0/21","4","Non-Production","No tags"
"bf624d28-560c-4932-8410-77233b811e6c","AU_SANDBOX_SUB","RG-Sandbox-CommunityPortal-AZE","digitalengineeringnz_vNet1414442","/subscriptions/bf624d28-560c-4932-8410-77233b811e6c/resourceGroups/RG-Sandbox-CommunityPortal-AZE/providers/Microsoft.Network/virtualNetworks/digitalengineeringnz_vNet1414442","australiaeast","10.1.0.0/16","1","Non-Production","No tags"
"bf624d28-560c-4932-8410-77233b811e6c","AU_SANDBOX_SUB","RG-Sandbox-CommunityPortal-AZE","southernprocessing_vNet9160719","/subscriptions/bf624d28-560c-4932-8410-77233b811e6c/resourceGroups/RG-Sandbox-CommunityPortal-AZE/providers/Microsoft.Network/virtualNetworks/southernprocessing_vNet9160719","australiaeast","10.0.0.0/16","1","Non-Production","No tags"
"bf624d28-560c-4932-8410-77233b811e6c","AU_SANDBOX_SUB","RG-Sandbox-POV003CloudLearning-AUEast","RG-Sandbox-POV003CloudLearning-AUEast-vnet","/subscriptions/bf624d28-560c-4932-8410-77233b811e6c/resourceGroups/RG-Sandbox-POV003CloudLearning-AUEast/providers/Microsoft.Network/virtualNetworks/RG-Sandbox-POV003CloudLearning-AUEast-vnet","australiaeast","10.0.0.0/24","1","Non-Production","No tags"
"bf624d28-560c-4932-8410-77233b811e6c","AU_SANDBOX_SUB","RG-Sandbox-ZH_RiskClassification-AZE","RG-Sandbox-ZH_RiskClassification-AZE-vnet","/subscriptions/bf624d28-560c-4932-8410-77233b811e6c/resourceGroups/RG-Sandbox-ZH_RiskClassification-AZE/providers/Microsoft.Network/virtualNetworks/RG-Sandbox-ZH_RiskClassification-AZE-vnet","australiaeast","10.0.0.0/16","1","Non-Production","No tags"
"8611c1c3-edb0-44fa-8ea2-d9d0b55caaaa","AU_TCS_NONPRD_SUB","helios-sftp-2-dev","helios-sftp-2-dev-vnet","/subscriptions/8611c1c3-edb0-44fa-8ea2-d9d0b55caaaa/resourceGroups/helios-sftp-2-dev/providers/Microsoft.Network/virtualNetworks/helios-sftp-2-dev-vnet","australiaeast","10.0.0.0/16","1","Production","No tags"
"8611c1c3-edb0-44fa-8ea2-d9d0b55caaaa","AU_TCS_NONPRD_SUB","helios-sftp-2-test","helios-sftp-2-test-vnet","/subscriptions/8611c1c3-edb0-44fa-8ea2-d9d0b55caaaa/resourceGroups/helios-sftp-2-test/providers/Microsoft.Network/virtualNetworks/helios-sftp-2-test-vnet","australiaeast","10.0.0.0/16","1","Production","No tags"
"8611c1c3-edb0-44fa-8ea2-d9d0b55caaaa","AU_TCS_NONPRD_SUB","legato-sftp-dev","legato-sftp-dev-vnet","/subscriptions/8611c1c3-edb0-44fa-8ea2-d9d0b55caaaa/resourceGroups/legato-sftp-dev/providers/Microsoft.Network/virtualNetworks/legato-sftp-dev-vnet","australiaeast","10.0.0.0/16","1","Production","No tags"
"8611c1c3-edb0-44fa-8ea2-d9d0b55caaaa","AU_TCS_NONPRD_SUB","legato-sftp-test","legato-sftp-test-vnet","/subscriptions/8611c1c3-edb0-44fa-8ea2-d9d0b55caaaa/resourceGroups/legato-sftp-test/providers/Microsoft.Network/virtualNetworks/legato-sftp-test-vnet","australiaeast","10.0.0.0/16","1","Production","No tags"
"8611c1c3-edb0-44fa-8ea2-d9d0b55caaaa","AU_TCS_NONPRD_SUB","legato-sftp-uat","legato-sftp-uat-vnet","/subscriptions/8611c1c3-edb0-44fa-8ea2-d9d0b55caaaa/resourceGroups/legato-sftp-uat/providers/Microsoft.Network/virtualNetworks/legato-sftp-uat-vnet","australiaeast","10.0.0.0/16","1","Production","No tags"
"8611c1c3-edb0-44fa-8ea2-d9d0b55caaaa","AU_TCS_NONPRD_SUB","MC_RG-DEV-ARCH-EUKubernetes-AUE_DEV-ARCH-EUKubernetes-aks_australiaeast","aks-vnet-12468470","/subscriptions/8611c1c3-edb0-44fa-8ea2-d9d0b55caaaa/resourceGroups/MC_RG-DEV-ARCH-EUKubernetes-AUE_DEV-ARCH-EUKubernetes-aks_australiaeast/providers/Microsoft.Network/virtualNetworks/aks-vnet-12468470","australiaeast","10.224.0.0/12","1","Production","No tags"
"8611c1c3-edb0-44fa-8ea2-d9d0b55caaaa","AU_TCS_NONPRD_SUB","operational-hours-dev","vm-operational-hours-dev-vnet","/subscriptions/8611c1c3-edb0-44fa-8ea2-d9d0b55caaaa/resourceGroups/operational-hours-dev/providers/Microsoft.Network/virtualNetworks/vm-operational-hours-dev-vnet","australiaeast","10.0.0.0/16","1","Production","No tags"
"8611c1c3-edb0-44fa-8ea2-d9d0b55caaaa","AU_TCS_NONPRD_SUB","operational-hours-test","vm-operational-hours-test-vnet","/subscriptions/8611c1c3-edb0-44fa-8ea2-d9d0b55caaaa/resourceGroups/operational-hours-test/providers/Microsoft.Network/virtualNetworks/vm-operational-hours-test-vnet","australiaeast","10.0.0.0/16","1","Production","No tags"
"8611c1c3-edb0-44fa-8ea2-d9d0b55caaaa","AU_TCS_NONPRD_SUB","projectharvest2","harvest-vnet","/subscriptions/8611c1c3-edb0-44fa-8ea2-d9d0b55caaaa/resourceGroups/projectharvest2/providers/Microsoft.Network/virtualNetworks/harvest-vnet","australiaeast","10.6.0.0/16","1","Production","No tags"
"8611c1c3-edb0-44fa-8ea2-d9d0b55caaaa","AU_TCS_NONPRD_SUB","rg-arcgis-dev","arcgisvnetdev","/subscriptions/8611c1c3-edb0-44fa-8ea2-d9d0b55caaaa/resourceGroups/rg-arcgis-dev/providers/Microsoft.Network/virtualNetworks/arcgisvnetdev","australiaeast","10.0.0.0/16","3","Production","No tags"
"8611c1c3-edb0-44fa-8ea2-d9d0b55caaaa","AU_TCS_NONPRD_SUB","rg-arcgis-test","arcgistestvnet","/subscriptions/8611c1c3-edb0-44fa-8ea2-d9d0b55caaaa/resourceGroups/rg-arcgis-test/providers/Microsoft.Network/virtualNetworks/arcgistestvnet","australiaeast","10.0.0.0/16","2","Production","No tags"
"8611c1c3-edb0-44fa-8ea2-d9d0b55caaaa","AU_TCS_NONPRD_SUB","RG-ARCH-PYTHON-IAC-MOVER-TEST","DtlDevTestPOC","/subscriptions/8611c1c3-edb0-44fa-8ea2-d9d0b55caaaa/resourceGroups/RG-ARCH-PYTHON-IAC-MOVER-TEST/providers/Microsoft.Network/virtualNetworks/DtlDevTestPOC","australiaeast","10.0.0.0/20","1","Production","No tags"
"8611c1c3-edb0-44fa-8ea2-d9d0b55caaaa","AU_TCS_NONPRD_SUB","RG-DBW-DEV-IFUTIL-AZE01","workers-vnet","/subscriptions/8611c1c3-edb0-44fa-8ea2-d9d0b55caaaa/resourceGroups/RG-DBW-DEV-IFUTIL-AZE01/providers/Microsoft.Network/virtualNetworks/workers-vnet","australiaeast","10.139.0.0/16","2","Production","No tags"
"8611c1c3-edb0-44fa-8ea2-d9d0b55caaaa","AU_TCS_NONPRD_SUB","RG-DBW-TST-IFUTIL-AZE01","workers-vnet","/subscriptions/8611c1c3-edb0-44fa-8ea2-d9d0b55caaaa/resourceGroups/RG-DBW-TST-IFUTIL-AZE01/providers/Microsoft.Network/virtualNetworks/workers-vnet","australiaeast","10.139.0.0/16","2","Production","No tags"
"8611c1c3-edb0-44fa-8ea2-d9d0b55caaaa","AU_TCS_NONPRD_SUB","RG-DEV-ENUTIL-INSIGHTFACTORY-AZE","vNET01-EU-Dev-AUEast","/subscriptions/8611c1c3-edb0-44fa-8ea2-d9d0b55caaaa/resourceGroups/RG-DEV-ENUTIL-INSIGHTFACTORY-AZE/providers/Microsoft.Network/virtualNetworks/vNET01-EU-Dev-AUEast","australiaeast","10.156.64.0/23","2","Production","No tags"
"8611c1c3-edb0-44fa-8ea2-d9d0b55caaaa","AU_TCS_NONPRD_SUB","RG-DEV-ODS-AUEast","RG-DEV-ODS-AUEast-vnet","/subscriptions/8611c1c3-edb0-44fa-8ea2-d9d0b55caaaa/resourceGroups/RG-DEV-ODS-AUEast/providers/Microsoft.Network/virtualNetworks/RG-DEV-ODS-AUEast-vnet","australiaeast","10.0.1.0/24","1","Production","No tags"
"8611c1c3-edb0-44fa-8ea2-d9d0b55caaaa","AU_TCS_NONPRD_SUB","RG-DEV-UTIL-ARCH-DEVCENTER","utilarchdevcur001-vnet","/subscriptions/8611c1c3-edb0-44fa-8ea2-d9d0b55caaaa/resourceGroups/RG-DEV-UTIL-ARCH-DEVCENTER/providers/Microsoft.Network/virtualNetworks/utilarchdevcur001-vnet","australiaeast","10.10.0.0/16","1","Production","No tags"
"8611c1c3-edb0-44fa-8ea2-d9d0b55caaaa","AU_TCS_NONPRD_SUB","RG-DEV-UTIL-ARCH-OpenAI","vm-dev-arch-langflow-vnet","/subscriptions/8611c1c3-edb0-44fa-8ea2-d9d0b55caaaa/resourceGroups/RG-DEV-UTIL-ARCH-OpenAI/providers/Microsoft.Network/virtualNetworks/vm-dev-arch-langflow-vnet","australiaeast","10.5.0.0/16","1","Production","No tags"
"8611c1c3-edb0-44fa-8ea2-d9d0b55caaaa","AU_TCS_NONPRD_SUB","RG-DEV-UTIL-ARCH-OpenAI","VNET-UTILOPENAIGPT-DEV-AUE001","/subscriptions/8611c1c3-edb0-44fa-8ea2-d9d0b55caaaa/resourceGroups/RG-DEV-UTIL-ARCH-OpenAI/providers/Microsoft.Network/virtualNetworks/VNET-UTILOPENAIGPT-DEV-AUE001","australiaeast","11.7.0.0/23","2","Production","No tags"
"8611c1c3-edb0-44fa-8ea2-d9d0b55caaaa","AU_TCS_NONPRD_SUB","RG-NONPRD-VNET001-AZE","vNET001-AU_TCS_NONPRD-AZE","/subscriptions/8611c1c3-edb0-44fa-8ea2-d9d0b55caaaa/resourceGroups/RG-NONPRD-VNET001-AZE/providers/Microsoft.Network/virtualNetworks/vNET001-AU_TCS_NONPRD-AZE","australiaeast","172.16.0.0/20","4","Production","No tags"
"8611c1c3-edb0-44fa-8ea2-d9d0b55caaaa","AU_TCS_NONPRD_SUB","RG-TCS-DevOpsServices01-AUEast","RG-TCS-DevOpsServices01-AUEast-vnet","/subscriptions/8611c1c3-edb0-44fa-8ea2-d9d0b55caaaa/resourceGroups/RG-TCS-DevOpsServices01-AUEast/providers/Microsoft.Network/virtualNetworks/RG-TCS-DevOpsServices01-AUEast-vnet","australiaeast","10.0.3.0/24","1","Production","No tags"
"8611c1c3-edb0-44fa-8ea2-d9d0b55caaaa","AU_TCS_NONPRD_SUB","RG-TCS-ProjectServices01-AUEast","RG-TCS-ProjectServices01-AUEast-vnet","/subscriptions/8611c1c3-edb0-44fa-8ea2-d9d0b55caaaa/resourceGroups/RG-TCS-ProjectServices01-AUEast/providers/Microsoft.Network/virtualNetworks/RG-TCS-ProjectServices01-AUEast-vnet","australiaeast","10.21.0.0/22","3","Production","No tags"
"8611c1c3-edb0-44fa-8ea2-d9d0b55caaaa","AU_TCS_NONPRD_SUB","RG-TCS-ProjectServices01-AUEast","vnet-downertcssharepointserveruat","/subscriptions/8611c1c3-edb0-44fa-8ea2-d9d0b55caaaa/resourceGroups/RG-TCS-ProjectServices01-AUEast/providers/Microsoft.Network/virtualNetworks/vnet-downertcssharepointserveruat","australiaeast","10.0.0.0/16","0","Production","No tags"
"8611c1c3-edb0-44fa-8ea2-d9d0b55caaaa","AU_TCS_NONPRD_SUB","RG-TEST-DesignServices-AUEast","RG-TEST-DesignServices-AUEast-vnet","/subscriptions/8611c1c3-edb0-44fa-8ea2-d9d0b55caaaa/resourceGroups/RG-TEST-DesignServices-AUEast/providers/Microsoft.Network/virtualNetworks/RG-TEST-DesignServices-AUEast-vnet","australiaeast","10.0.2.0/24, 10.3.0.0/24","2","Production","No tags"
"8611c1c3-edb0-44fa-8ea2-d9d0b55caaaa","AU_TCS_NONPRD_SUB","RG-TST-ENUTIL-INSIGHTFACTORY-AZE","vNET01-EU-Test-AUEast","/subscriptions/8611c1c3-edb0-44fa-8ea2-d9d0b55caaaa/resourceGroups/RG-TST-ENUTIL-INSIGHTFACTORY-AZE/providers/Microsoft.Network/virtualNetworks/vNET01-EU-Test-AUEast","australiaeast","10.156.66.0/23","2","Production","No tags"
"8611c1c3-edb0-44fa-8ea2-d9d0b55caaaa","AU_TCS_NONPRD_SUB","rg-utilities-github-runner","github-runner-vnet","/subscriptions/8611c1c3-edb0-44fa-8ea2-d9d0b55caaaa/resourceGroups/rg-utilities-github-runner/providers/Microsoft.Network/virtualNetworks/github-runner-vnet","australiaeast","10.7.0.0/16","2","Production","No tags"
"8611c1c3-edb0-44fa-8ea2-d9d0b55caaaa","AU_TCS_NONPRD_SUB","rg-utilities-jenkins","jenkins-serverVNET","/subscriptions/8611c1c3-edb0-44fa-8ea2-d9d0b55caaaa/resourceGroups/rg-utilities-jenkins/providers/Microsoft.Network/virtualNetworks/jenkins-serverVNET","australiaeast","10.0.0.0/16","1","Production","No tags"
"8611c1c3-edb0-44fa-8ea2-d9d0b55caaaa","AU_TCS_NONPRD_SUB","RG_DEV_UTIL_ODW","RG_DEV_UTIL_ODW_vnet","/subscriptions/8611c1c3-edb0-44fa-8ea2-d9d0b55caaaa/resourceGroups/RG_DEV_UTIL_ODW/providers/Microsoft.Network/virtualNetworks/RG_DEV_UTIL_ODW_vnet","australiaeast","10.0.0.0/16","2","Production","No tags"
"8611c1c3-edb0-44fa-8ea2-d9d0b55caaaa","AU_TCS_NONPRD_SUB","RG_TCS_AIS_UAT","RG_TCS_AIS_UAT-vnet","/subscriptions/8611c1c3-edb0-44fa-8ea2-d9d0b55caaaa/resourceGroups/RG_TCS_AIS_UAT/providers/Microsoft.Network/virtualNetworks/RG_TCS_AIS_UAT-vnet","australiaeast","10.1.0.0/16","1","Production","No tags"
"8611c1c3-edb0-44fa-8ea2-d9d0b55caaaa","AU_TCS_NONPRD_SUB","RG_TCS_SC_UAT","RG_TCS_SC_UAT-vnet","/subscriptions/8611c1c3-edb0-44fa-8ea2-d9d0b55caaaa/resourceGroups/RG_TCS_SC_UAT/providers/Microsoft.Network/virtualNetworks/RG_TCS_SC_UAT-vnet","australiaeast","10.0.0.0/24, 10.2.2.0/27","2","Production","No tags"
"8611c1c3-edb0-44fa-8ea2-d9d0b55caaaa","AU_TCS_NONPRD_SUB","RG_UTILITIES_PG_VMs_NONPROD_AUEast","RG_UTILITIES_PG_VMs_NONPROD_AUEast-vnet","/subscriptions/8611c1c3-edb0-44fa-8ea2-d9d0b55caaaa/resourceGroups/RG_UTILITIES_PG_VMs_NONPROD_AUEast/providers/Microsoft.Network/virtualNetworks/RG_UTILITIES_PG_VMs_NONPROD_AUEast-vnet","australiaeast","10.4.0.0/16","2","Production","No tags"
"8611c1c3-edb0-44fa-8ea2-d9d0b55caaaa","AU_TCS_NONPRD_SUB","RG_Utilities_SpatialDesignTools_Dev","DtlProjectPicasso","/subscriptions/8611c1c3-edb0-44fa-8ea2-d9d0b55caaaa/resourceGroups/RG_Utilities_SpatialDesignTools_Dev/providers/Microsoft.Network/virtualNetworks/DtlProjectPicasso","australiaeast","10.0.0.0/20, 8.0.0.0/21","2","Production","No tags"
"8611c1c3-edb0-44fa-8ea2-d9d0b55caaaa","AU_TCS_NONPRD_SUB","RG_Utilities_SpatialDesignTools_Dev","solidworks-pdm-test","/subscriptions/8611c1c3-edb0-44fa-8ea2-d9d0b55caaaa/resourceGroups/RG_Utilities_SpatialDesignTools_Dev/providers/Microsoft.Network/virtualNetworks/solidworks-pdm-test","australiaeast","10.8.0.0/16","2","Production","No tags"
"8611c1c3-edb0-44fa-8ea2-d9d0b55caaaa","AU_TCS_NONPRD_SUB","RG_Utilities_SpatialDesignTools_Dev","solidworks-pdm-test-2","/subscriptions/8611c1c3-edb0-44fa-8ea2-d9d0b55caaaa/resourceGroups/RG_Utilities_SpatialDesignTools_Dev/providers/Microsoft.Network/virtualNetworks/solidworks-pdm-test-2","australiaeast","10.9.0.0/16","2","Production","No tags"
"8611c1c3-edb0-44fa-8ea2-d9d0b55caaaa","AU_TCS_NONPRD_SUB","RG_Utilities_SpatialDesignTools_Dev","webtools-vn","/subscriptions/8611c1c3-edb0-44fa-8ea2-d9d0b55caaaa/resourceGroups/RG_Utilities_SpatialDesignTools_Dev/providers/Microsoft.Network/virtualNetworks/webtools-vn","australiaeast","10.0.0.0/16","2","Production","No tags"
"f9ffc81a-4b89-46bd-99c2-8aa43253808a","AU_TCS_PRD_SUB","DownerChronicleVPS2","DownerChronicleVPS2-vnet","/subscriptions/f9ffc81a-4b89-46bd-99c2-8aa43253808a/resourceGroups/DownerChronicleVPS2/providers/Microsoft.Network/virtualNetworks/DownerChronicleVPS2-vnet","australiaeast","10.0.1.0/24","1","Production","No tags"
"f9ffc81a-4b89-46bd-99c2-8aa43253808a","AU_TCS_PRD_SUB","helios-sftp-2-prod","helios-sftp-2-prod-vnet","/subscriptions/f9ffc81a-4b89-46bd-99c2-8aa43253808a/resourceGroups/helios-sftp-2-prod/providers/Microsoft.Network/virtualNetworks/helios-sftp-2-prod-vnet","australiaeast","10.0.0.0/16","1","Production","No tags"
"f9ffc81a-4b89-46bd-99c2-8aa43253808a","AU_TCS_PRD_SUB","legato-sftp-prod","legato-sftp-prod-vnet","/subscriptions/f9ffc81a-4b89-46bd-99c2-8aa43253808a/resourceGroups/legato-sftp-prod/providers/Microsoft.Network/virtualNetworks/legato-sftp-prod-vnet","australiaeast","10.0.0.0/16","1","Production","No tags"
"f9ffc81a-4b89-46bd-99c2-8aa43253808a","AU_TCS_PRD_SUB","rg-arcgis-prod","arcgisprodvnet","/subscriptions/f9ffc81a-4b89-46bd-99c2-8aa43253808a/resourceGroups/rg-arcgis-prod/providers/Microsoft.Network/virtualNetworks/arcgisprodvnet","australiaeast","10.0.0.0/16","2","Production","No tags"
"f9ffc81a-4b89-46bd-99c2-8aa43253808a","AU_TCS_PRD_SUB","RG-DBW-PRD-IFUTIL-AZE01","workers-vnet","/subscriptions/f9ffc81a-4b89-46bd-99c2-8aa43253808a/resourceGroups/RG-DBW-PRD-IFUTIL-AZE01/providers/Microsoft.Network/virtualNetworks/workers-vnet","australiaeast","10.139.0.0/16","2","Production","No tags"
"f9ffc81a-4b89-46bd-99c2-8aa43253808a","AU_TCS_PRD_SUB","RG-PRD-ENUTIL-INSIGHTFACTORY-AZE","vNET01-EU-Prod-AUEast","/subscriptions/f9ffc81a-4b89-46bd-99c2-8aa43253808a/resourceGroups/RG-PRD-ENUTIL-INSIGHTFACTORY-AZE/providers/Microsoft.Network/virtualNetworks/vNET01-EU-Prod-AUEast","australiaeast","10.156.68.0/23","2","Production","No tags"
"f9ffc81a-4b89-46bd-99c2-8aa43253808a","AU_TCS_PRD_SUB","RG-TCS-ProjectServices01-AUEast","RG-TCS-ProjectServices01-AUEast-vnet","/subscriptions/f9ffc81a-4b89-46bd-99c2-8aa43253808a/resourceGroups/RG-TCS-ProjectServices01-AUEast/providers/Microsoft.Network/virtualNetworks/RG-TCS-ProjectServices01-AUEast-vnet","australiaeast","10.0.1.0/24","1","Production","No tags"
"f9ffc81a-4b89-46bd-99c2-8aa43253808a","AU_TCS_PRD_SUB","RG-TCS-WirelessServices01-AUEast","RG-TCS-WirelessServices01-AUEast-vnet","/subscriptions/f9ffc81a-4b89-46bd-99c2-8aa43253808a/resourceGroups/RG-TCS-WirelessServices01-AUEast/providers/Microsoft.Network/virtualNetworks/RG-TCS-WirelessServices01-AUEast-vnet","australiaeast","10.0.0.0/24, 10.3.1.0/27","2","Production","No tags"
"7e57bdd9-bced-4d85-a9f2-f1e63e7fbfc2","CONNECTIVITY_SUB_01","RG-CONNECTIVITY_SUB_01-Network-AUEast","vNET01-Con-Prod-AUEast","/subscriptions/7e57bdd9-bced-4d85-a9f2-f1e63e7fbfc2/resourceGroups/RG-CONNECTIVITY_SUB_01-Network-AUEast/providers/Microsoft.Network/virtualNetworks/vNET01-Con-Prod-AUEast","australiaeast","10.150.80.0/22","4","Production","No tags"
"7e57bdd9-bced-4d85-a9f2-f1e63e7fbfc2","CONNECTIVITY_SUB_01","RG-PROD-Azure_vWAN","vNET01-PRD-Hub_Ext_01","/subscriptions/7e57bdd9-bced-4d85-a9f2-f1e63e7fbfc2/resourceGroups/RG-PROD-Azure_vWAN/providers/Microsoft.Network/virtualNetworks/vNET01-PRD-Hub_Ext_01","australiaeast","10.156.76.0/24","3","Production","No tags"
"7e57bdd9-bced-4d85-a9f2-f1e63e7fbfc2","CONNECTIVITY_SUB_01","RG-PROD-Azure_vWAN","vNET01-PRD-Hub_Ext_02","/subscriptions/7e57bdd9-bced-4d85-a9f2-f1e63e7fbfc2/resourceGroups/RG-PROD-Azure_vWAN/providers/Microsoft.Network/virtualNetworks/vNET01-PRD-Hub_Ext_02","australiaeast","10.156.77.0/24","1","Production","No tags"
"7e57bdd9-bced-4d85-a9f2-f1e63e7fbfc2","CONNECTIVITY_SUB_01","RG-PROD-SMTP-AUEAST","SMTP-Test-Vnet","/subscriptions/7e57bdd9-bced-4d85-a9f2-f1e63e7fbfc2/resourceGroups/RG-PROD-SMTP-AUEAST/providers/Microsoft.Network/virtualNetworks/SMTP-Test-Vnet","australiaeast","10.2.0.0/16","1","Production","No tags"
"13e3cbb2-36fd-4984-b363-6e05a2d875f5","CORP_IaaS_PRD_SUB_01","RG-CORP_IaaS_PRD_SUB_01-Network-AUEast","vNET01-IaaS_Prod","/subscriptions/13e3cbb2-36fd-4984-b363-6e05a2d875f5/resourceGroups/RG-CORP_IaaS_PRD_SUB_01-Network-AUEast/providers/Microsoft.Network/virtualNetworks/vNET01-IaaS_Prod","australiaeast","10.156.44.0/22","3","Production","No tags"
"13e3cbb2-36fd-4984-b363-6e05a2d875f5","CORP_IaaS_PRD_SUB_01","RG-CORP_IaaS_PRD_SUB_01-Network-AUEast","vNET01-IaaS_Prod-AUEast","/subscriptions/13e3cbb2-36fd-4984-b363-6e05a2d875f5/resourceGroups/RG-CORP_IaaS_PRD_SUB_01-Network-AUEast/providers/Microsoft.Network/virtualNetworks/vNET01-IaaS_Prod-AUEast","australiaeast","10.151.96.0/21","3","Production","No tags"
"d46c29d4-e7cd-49d5-9ed0-3a0fe1996639","CORP_LEGACY_SUB","RG-CORP_LEGACY_SUB-Network-AUEast","vNET01-Legacy-Prod-AUEast","/subscriptions/d46c29d4-e7cd-49d5-9ed0-3a0fe1996639/resourceGroups/RG-CORP_LEGACY_SUB-Network-AUEast/providers/Microsoft.Network/virtualNetworks/vNET01-Legacy-Prod-AUEast","australiaeast","10.150.84.0/23","3","Production","No tags"
"1fa579cd-9105-40d6-8f7e-c6889a7abd7d","CORP_NONPRD_SUB_01","RG-CORP_NONPRD_SUB_01-Network-AUEast","vNET01-AU-NonProd-AUEast","/subscriptions/1fa579cd-9105-40d6-8f7e-c6889a7abd7d/resourceGroups/RG-CORP_NONPRD_SUB_01-Network-AUEast/providers/Microsoft.Network/virtualNetworks/vNET01-AU-NonProd-AUEast","australiaeast","10.150.72.0/21","5","Production","No tags"
"1e8c9198-4385-4afe-8cb4-8a3c7ed4278b","CORP_NONPROD_BSC_SUB","RG-DBW-DEV-IFBSC-AZE01","workers-vnet","/subscriptions/1e8c9198-4385-4afe-8cb4-8a3c7ed4278b/resourceGroups/RG-DBW-DEV-IFBSC-AZE01/providers/Microsoft.Network/virtualNetworks/workers-vnet","australiaeast","10.139.0.0/16","2","Production","No tags"
"1e8c9198-4385-4afe-8cb4-8a3c7ed4278b","CORP_NONPROD_BSC_SUB","RG-DBW-TST-IFBSC-AZE01","workers-vnet","/subscriptions/1e8c9198-4385-4afe-8cb4-8a3c7ed4278b/resourceGroups/RG-DBW-TST-IFBSC-AZE01/providers/Microsoft.Network/virtualNetworks/workers-vnet","australiaeast","10.139.0.0/16","2","Production","No tags"
"1e8c9198-4385-4afe-8cb4-8a3c7ed4278b","CORP_NONPROD_BSC_SUB","RG-DEV-INSIGHTFACTORY-BSC-AZE","vNET01-BSC-Dev-AUEast","/subscriptions/1e8c9198-4385-4afe-8cb4-8a3c7ed4278b/resourceGroups/RG-DEV-INSIGHTFACTORY-BSC-AZE/providers/Microsoft.Network/virtualNetworks/vNET01-BSC-Dev-AUEast","australiaeast","10.156.70.0/23","2","Production","No tags"
"1e8c9198-4385-4afe-8cb4-8a3c7ed4278b","CORP_NONPROD_BSC_SUB","RG-TST-INSIGHTFACTORY-BSC-AZE","vNET01-BSC-Test-AUEast","/subscriptions/1e8c9198-4385-4afe-8cb4-8a3c7ed4278b/resourceGroups/RG-TST-INSIGHTFACTORY-BSC-AZE/providers/Microsoft.Network/virtualNetworks/vNET01-BSC-Test-AUEast","australiaeast","10.156.72.0/23","2","Production","No tags"
"0f29bbf2-e1f1-4bbb-89f7-992c2eb50847","CORP_NONPROD_BSC_SUB_01","RG-AE-NONPROD-COGNIX-01","vNET-AE-NONPROD-COGNIX-01","/subscriptions/0f29bbf2-e1f1-4bbb-89f7-992c2eb50847/resourceGroups/RG-AE-NONPROD-COGNIX-01/providers/Microsoft.Network/virtualNetworks/vNET-AE-NONPROD-COGNIX-01","australiaeast","10.156.49.64/26","3","Production","No tags"
"0b35784b-2371-4c61-b78f-9e98a04f9e62","CORP_NONPROD_IGNIO_SUB","RG-AE-NONPROD-IGNIO-01","vNET-AE-NONPROD-IGNIO-01","/subscriptions/0b35784b-2371-4c61-b78f-9e98a04f9e62/resourceGroups/RG-AE-NONPROD-IGNIO-01/providers/Microsoft.Network/virtualNetworks/vNET-AE-NONPROD-IGNIO-01","australiaeast","10.156.33.128/25","2","Production","No tags"
"ec0554b9-8dec-4e39-92ee-95762a6b1812","CORP_NONPROD_TI_SUB","RG-AE-NONPROD-CORE-TI-01","vNET-AE-NONPROD-TI-01","/subscriptions/ec0554b9-8dec-4e39-92ee-95762a6b1812/resourceGroups/RG-AE-NONPROD-CORE-TI-01/providers/Microsoft.Network/virtualNetworks/vNET-AE-NONPROD-TI-01","australiaeast","10.156.40.0/22","1","Production","No tags"
"59f2cb63-7f82-4aef-8826-573b09757a48","CORP_PaaS_PRD_SUB_01","RG-CORP_PaaS_PRD_SUB_01-Network-AUEast","vNET01-PaaS_Prod-AUEast","/subscriptions/59f2cb63-7f82-4aef-8826-573b09757a48/resourceGroups/RG-CORP_PaaS_PRD_SUB_01-Network-AUEast/providers/Microsoft.Network/virtualNetworks/vNET01-PaaS_Prod-AUEast","australiaeast","10.150.248.0/21","4","Production","No tags"
"594f1df0-6335-4e21-a485-dbf5e523d727","CORP_PROD_BSC_SUB","RG-DBW-PRD-IFBSC-AZE01","workers-vnet","/subscriptions/594f1df0-6335-4e21-a485-dbf5e523d727/resourceGroups/RG-DBW-PRD-IFBSC-AZE01/providers/Microsoft.Network/virtualNetworks/workers-vnet","australiaeast","10.139.0.0/16","2","Production","No tags"
"594f1df0-6335-4e21-a485-dbf5e523d727","CORP_PROD_BSC_SUB","RG-PRD-INSIGHTFACTORY-BSC-AZE","vNET01-BSC-Prod-AUEast","/subscriptions/594f1df0-6335-4e21-a485-dbf5e523d727/resourceGroups/RG-PRD-INSIGHTFACTORY-BSC-AZE/providers/Microsoft.Network/virtualNetworks/vNET01-BSC-Prod-AUEast","australiaeast","10.156.74.0/23","2","Production","No tags"
"33556225-499d-450e-a6ef-8da6d10c8bf7","CORP_PROD_BSC_SUB_01","RG-AE-PROD-COGNIX-01","vNET-AE-PROD-COGNIX-01","/subscriptions/33556225-499d-450e-a6ef-8da6d10c8bf7/resourceGroups/RG-AE-PROD-COGNIX-01/providers/Microsoft.Network/virtualNetworks/vNET-AE-PROD-COGNIX-01","australiaeast","10.156.49.0/26","3","Production","No tags"
"cef12620-b363-42d7-a4b6-d2e92581055a","CORP_PROD_IGNIO_SUB","RG-AE-PROD-IGNIO-01","vNET-AE-PROD-IGNIO-01","/subscriptions/cef12620-b363-42d7-a4b6-d2e92581055a/resourceGroups/RG-AE-PROD-IGNIO-01/providers/Microsoft.Network/virtualNetworks/vNET-AE-PROD-IGNIO-01","australiaeast","10.156.33.0/25","2","Production","No tags"
"9adcb532-5ce0-48be-b3c1-e54e8ddb91cd","CORP_PROD_TI_SUB","RG-AE-PROD-CORE-TI-01","vNET-AE-PROD-TI-01","/subscriptions/9adcb532-5ce0-48be-b3c1-e54e8ddb91cd/resourceGroups/RG-AE-PROD-CORE-TI-01/providers/Microsoft.Network/virtualNetworks/vNET-AE-PROD-TI-01","australiaeast","10.156.36.0/22","2","Production","No tags"
"0ee08044-acb9-4497-8501-4d01ce0f2088","CORP_PROD_XDNA_SUB","RG-AE-PROD-XDNA-01","vNET-AE-PROD-XDNA-01","/subscriptions/0ee08044-acb9-4497-8501-4d01ce0f2088/resourceGroups/RG-AE-PROD-XDNA-01/providers/Microsoft.Network/virtualNetworks/vNET-AE-PROD-XDNA-01","australiaeast","10.156.48.0/25","1","Production","No tags"
"0bff008d-8ac2-4cab-bf13-372479880b9c","CORP_SIEM_Prod_SUB","RG-AE-PROD-SIEM-01","vNET-AE-PROD-SIEM-01","/subscriptions/0bff008d-8ac2-4cab-bf13-372479880b9c/resourceGroups/RG-AE-PROD-SIEM-01/providers/Microsoft.Network/virtualNetworks/vNET-AE-PROD-SIEM-01","australiaeast","10.150.188.0/24","3","Production","No tags"
"87a97c49-033b-4309-9a17-482c46ced324","DD_EXT_SUB","RG-DEV-WORKSTATIONS","RG-DEV-WORKSTATIONS-vnet","/subscriptions/87a97c49-033b-4309-9a17-482c46ced324/resourceGroups/RG-DEV-WORKSTATIONS/providers/Microsoft.Network/virtualNetworks/RG-DEV-WORKSTATIONS-vnet","australiaeast","172.16.4.0/24","1","Non-Production","No tags"
"87a97c49-033b-4309-9a17-482c46ced324","DD_EXT_SUB","RG-DigitalTransform","VN-DigitalTransform","/subscriptions/87a97c49-033b-4309-9a17-482c46ced324/resourceGroups/RG-DigitalTransform/providers/Microsoft.Network/virtualNetworks/VN-DigitalTransform","australiaeast","10.0.0.0/24","1","Unknown","No tags"
"87a97c49-033b-4309-9a17-482c46ced324","DD_EXT_SUB","RG-MineralTechnologies-VCL1","VM-MT-VCL1-vnet","/subscriptions/87a97c49-033b-4309-9a17-482c46ced324/resourceGroups/RG-MineralTechnologies-VCL1/providers/Microsoft.Network/virtualNetworks/VM-MT-VCL1-vnet","australiaeast","10.2.0.0/16","2","Unknown","No tags"
"87a97c49-033b-4309-9a17-482c46ced324","DD_EXT_SUB","RG-MT-VMC-Ingestion","VNET-MT-Ingestion","/subscriptions/87a97c49-033b-4309-9a17-482c46ced324/resourceGroups/RG-MT-VMC-Ingestion/providers/Microsoft.Network/virtualNetworks/VNET-MT-Ingestion","australiaeast","10.0.0.0/16","1","Unknown","No tags"
"87a97c49-033b-4309-9a17-482c46ced324","DD_EXT_SUB","RG-PRD-Ensign-VM","VN-PRD-Ensign-VM","/subscriptions/87a97c49-033b-4309-9a17-482c46ced324/resourceGroups/RG-PRD-Ensign-VM/providers/Microsoft.Network/virtualNetworks/VN-PRD-Ensign-VM","australiaeast","10.1.0.0/16","2","Production","No tags"
"87a97c49-033b-4309-9a17-482c46ced324","DD_EXT_SUB","RG-PRD2-TB360","RG-PRD2-TB360-vnet","/subscriptions/87a97c49-033b-4309-9a17-482c46ced324/resourceGroups/RG-PRD2-TB360/providers/Microsoft.Network/virtualNetworks/RG-PRD2-TB360-vnet","australiaeast","172.20.0.0/16","1","Production","No tags"
"87a97c49-033b-4309-9a17-482c46ced324","DD_EXT_SUB","RG-QTMP-Function-Apps","VNET-QTMP-Function-Apps","/subscriptions/87a97c49-033b-4309-9a17-482c46ced324/resourceGroups/RG-QTMP-Function-Apps/providers/Microsoft.Network/virtualNetworks/VNET-QTMP-Function-Apps","australiaeast","10.100.0.0/24","3","Unknown","No tags"
"87a97c49-033b-4309-9a17-482c46ced324","DD_EXT_SUB","RG-QTMP-Rdrive-FunctionApp-Prod","VNET-QTMP-RDrive-Function-Apps-Prod","/subscriptions/87a97c49-033b-4309-9a17-482c46ced324/resourceGroups/RG-QTMP-Rdrive-FunctionApp-Prod/providers/Microsoft.Network/virtualNetworks/VNET-QTMP-RDrive-Function-Apps-Prod","australiaeast","10.0.0.0/16","1","Production","No tags"
"87a97c49-033b-4309-9a17-482c46ced324","DD_EXT_SUB","RG-QTMP-Rdrive-FunctionApp","VNET-QTMP-RDrive-Function-Apps","/subscriptions/87a97c49-033b-4309-9a17-482c46ced324/resourceGroups/RG-QTMP-Rdrive-FunctionApp/providers/Microsoft.Network/virtualNetworks/VNET-QTMP-RDrive-Function-Apps","australiaeast","10.0.0.0/16","1","Unknown","No tags"
"87a97c49-033b-4309-9a17-482c46ced324","DD_EXT_SUB","RG-TST-SVR-Data-Factory","vm-trs-svr-connector-vnet","/subscriptions/87a97c49-033b-4309-9a17-482c46ced324/resourceGroups/RG-TST-SVR-Data-Factory/providers/Microsoft.Network/virtualNetworks/vm-trs-svr-connector-vnet","australiaeast","10.3.0.0/16","2","Unknown","No tags"
"e59a044b-74a6-4c09-9ec5-d3a4d6a75abe","DD_INT_SUB","RG-DEVBOX-JackByrne","VN-DEVBOX-JackByrne","/subscriptions/e59a044b-74a6-4c09-9ec5-d3a4d6a75abe/resourceGroups/RG-DEVBOX-JackByrne/providers/Microsoft.Network/virtualNetworks/VN-DEVBOX-JackByrne","australiaeast","10.0.0.0/16","1","Non-Production","No tags"
"b75353df-479c-442c-b3f0-7569306c0355","E&U_NonProd_SUB","RG-EU_NonProd-Network","vNET01-EU_NonProd","/subscriptions/b75353df-479c-442c-b3f0-7569306c0355/resourceGroups/RG-EU_NonProd-Network/providers/Microsoft.Network/virtualNetworks/vNET01-EU_NonProd","australiaeast","10.156.31.0/24","5","Production","No tags"
"73e300a9-7690-4f67-a111-28772d97b016","E&U_Prod_SUB","RG-EU_Prod-Network","vNET01-EU_Prod","/subscriptions/73e300a9-7690-4f67-a111-28772d97b016/resourceGroups/RG-EU_Prod-Network/providers/Microsoft.Network/virtualNetworks/vNET01-EU_Prod","australiaeast","10.156.30.0/24","5","Production","No tags"
"fd931109-764a-4d40-ac3b-6e75fb51bf31","ECM_PRD_SUB","rg-assetservices-osi","industrialandenergysftp_vNet5506452","/subscriptions/fd931109-764a-4d40-ac3b-6e75fb51bf31/resourceGroups/rg-assetservices-osi/providers/Microsoft.Network/virtualNetworks/industrialandenergysftp_vNet5506452","australiaeast","10.0.0.0/16","1","Production","No tags"
"5f6f109e-8077-4fce-a032-3d411e57b8f6","GRP_AVDLandingZone_SUB","RG-NonPRD-AVD-Net-AZE","vNET01-NonPRD-AVD-LZ-DownerAU-AZE","/subscriptions/5f6f109e-8077-4fce-a032-3d411e57b8f6/resourceGroups/RG-NonPRD-AVD-Net-AZE/providers/Microsoft.Network/virtualNetworks/vNET01-NonPRD-AVD-LZ-DownerAU-AZE","australiaeast","10.150.220.0/23","1","Production","No tags"
"5f6f109e-8077-4fce-a032-3d411e57b8f6","GRP_AVDLandingZone_SUB","RG-NonPRD-AVD-Net-AZE","vNET01-NonPRD-AVD-LZ-DownerNZ-AZE","/subscriptions/5f6f109e-8077-4fce-a032-3d411e57b8f6/resourceGroups/RG-NonPRD-AVD-Net-AZE/providers/Microsoft.Network/virtualNetworks/vNET01-NonPRD-AVD-LZ-DownerNZ-AZE","australiaeast","10.150.222.0/24","1","Production","No tags"
"5f6f109e-8077-4fce-a032-3d411e57b8f6","GRP_AVDLandingZone_SUB","RG-NonPRD-AVD-Net-AZE","vNET01-NonPRD-AVD-LZ-Spotless-AZE","/subscriptions/5f6f109e-8077-4fce-a032-3d411e57b8f6/resourceGroups/RG-NonPRD-AVD-Net-AZE/providers/Microsoft.Network/virtualNetworks/vNET01-NonPRD-AVD-LZ-Spotless-AZE","australiaeast","10.150.223.0/24","1","Production","No tags"
"5f6f109e-8077-4fce-a032-3d411e57b8f6","GRP_AVDLandingZone_SUB","RG-PRD-AVD-Net-AZE","vNET01-PRD-AVD-LZ-DownerAU-AZE","/subscriptions/5f6f109e-8077-4fce-a032-3d411e57b8f6/resourceGroups/RG-PRD-AVD-Net-AZE/providers/Microsoft.Network/virtualNetworks/vNET01-PRD-AVD-LZ-DownerAU-AZE","australiaeast","10.150.104.0/21","2","Production","No tags"
"5f6f109e-8077-4fce-a032-3d411e57b8f6","GRP_AVDLandingZone_SUB","RG-PRD-AVD-Net-AZE","vNET01-PRD-AVD-LZ-DownerNZ-AZE","/subscriptions/5f6f109e-8077-4fce-a032-3d411e57b8f6/resourceGroups/RG-PRD-AVD-Net-AZE/providers/Microsoft.Network/virtualNetworks/vNET01-PRD-AVD-LZ-DownerNZ-AZE","australiaeast","10.150.112.0/22","2","Production","No tags"
"5f6f109e-8077-4fce-a032-3d411e57b8f6","GRP_AVDLandingZone_SUB","RG-PRD-AVD-Net-AZE","vNET01-PRD-AVD-LZ-Secure-AZE","/subscriptions/5f6f109e-8077-4fce-a032-3d411e57b8f6/resourceGroups/RG-PRD-AVD-Net-AZE/providers/Microsoft.Network/virtualNetworks/vNET01-PRD-AVD-LZ-Secure-AZE","australiaeast","10.150.120.0/21","1","Production","No tags"
"5f6f109e-8077-4fce-a032-3d411e57b8f6","GRP_AVDLandingZone_SUB","RG-PRD-AVD-Net-AZE","vNET01-PRD-AVD-LZ-Spotless-AZE","/subscriptions/5f6f109e-8077-4fce-a032-3d411e57b8f6/resourceGroups/RG-PRD-AVD-Net-AZE/providers/Microsoft.Network/virtualNetworks/vNET01-PRD-AVD-LZ-Spotless-AZE","australiaeast","10.150.116.0/22","2","Production","No tags"
"7832f112-272f-4fa0-b0f1-54d8dbbde30e","GRP_AVDManagement_PRD_SUB","RG-PRD-AVD-Net-AZE","vNET01-PRD-AVD-Mgmt-AZE","/subscriptions/7832f112-272f-4fa0-b0f1-54d8dbbde30e/resourceGroups/RG-PRD-AVD-Net-AZE/providers/Microsoft.Network/virtualNetworks/vNET01-PRD-AVD-Mgmt-AZE","australiaeast","10.150.97.0/24","1","Production","No tags"
"ff8c2a20-d637-4ab4-b682-3a10f4d4d3d8","GRP_GROUP_NONPRD_SUB","RG-DBW-DEV-IFG-AZE01","workers-vnet","/subscriptions/ff8c2a20-d637-4ab4-b682-3a10f4d4d3d8/resourceGroups/RG-DBW-DEV-IFG-AZE01/providers/Microsoft.Network/virtualNetworks/workers-vnet","australiaeast","10.139.0.0/16","2","Production","No tags"
"ff8c2a20-d637-4ab4-b682-3a10f4d4d3d8","GRP_GROUP_NONPRD_SUB","RG-DBW-TST-IFG-AZE01","workers-vnet","/subscriptions/ff8c2a20-d637-4ab4-b682-3a10f4d4d3d8/resourceGroups/RG-DBW-TST-IFG-AZE01/providers/Microsoft.Network/virtualNetworks/workers-vnet","australiaeast","10.139.0.0/16","2","Production","No tags"
"ff8c2a20-d637-4ab4-b682-3a10f4d4d3d8","GRP_GROUP_NONPRD_SUB","RG-DEV-INSIGHTFACTORY-AZE","vNET01-GroupIT-Dev-AUEast","/subscriptions/ff8c2a20-d637-4ab4-b682-3a10f4d4d3d8/resourceGroups/RG-DEV-INSIGHTFACTORY-AZE/providers/Microsoft.Network/virtualNetworks/vNET01-GroupIT-Dev-AUEast","australiaeast","10.156.52.0/23","0","Production","No tags"
"ff8c2a20-d637-4ab4-b682-3a10f4d4d3d8","GRP_GROUP_NONPRD_SUB","RG-DEV-INSIGHTFACTORY-MGMT-AZE","vNet02-Dev-IFCORE-AZE","/subscriptions/ff8c2a20-d637-4ab4-b682-3a10f4d4d3d8/resourceGroups/RG-DEV-INSIGHTFACTORY-MGMT-AZE/providers/Microsoft.Network/virtualNetworks/vNet02-Dev-IFCORE-AZE","australiaeast","10.150.218.0/23","5","Production","No tags"
"ff8c2a20-d637-4ab4-b682-3a10f4d4d3d8","GRP_GROUP_NONPRD_SUB","RG-TST-INSIGHTFACTORY-AZE","vNET01-GroupIT-Test-AUEast","/subscriptions/ff8c2a20-d637-4ab4-b682-3a10f4d4d3d8/resourceGroups/RG-TST-INSIGHTFACTORY-AZE/providers/Microsoft.Network/virtualNetworks/vNET01-GroupIT-Test-AUEast","australiaeast","10.156.54.0/23","0","Production","No tags"
"ff8c2a20-d637-4ab4-b682-3a10f4d4d3d8","GRP_GROUP_NONPRD_SUB","RG-TST-INSIGHTFACTORY-MGMT-AZE","Vnet01-Tst-IFCORE-AZE","/subscriptions/ff8c2a20-d637-4ab4-b682-3a10f4d4d3d8/resourceGroups/RG-TST-INSIGHTFACTORY-MGMT-AZE/providers/Microsoft.Network/virtualNetworks/Vnet01-Tst-IFCORE-AZE","australiaeast","10.150.217.0/24","5","Production","No tags"
"4f08f72f-8bba-48b0-94cf-3c8b172e24fe","GRP_GROUP_PRD_SUB","RG-DBW-PRD-IFG-AZE01","workers-vnet","/subscriptions/4f08f72f-8bba-48b0-94cf-3c8b172e24fe/resourceGroups/RG-DBW-PRD-IFG-AZE01/providers/Microsoft.Network/virtualNetworks/workers-vnet","australiaeast","10.139.0.0/16","2","Production","No tags"
"4f08f72f-8bba-48b0-94cf-3c8b172e24fe","GRP_GROUP_PRD_SUB","RG-PRD-INSIGHTFACTORY-AZE","vNET01-GroupIT-Prod-AUEast","/subscriptions/4f08f72f-8bba-48b0-94cf-3c8b172e24fe/resourceGroups/RG-PRD-INSIGHTFACTORY-AZE/providers/Microsoft.Network/virtualNetworks/vNET01-GroupIT-Prod-AUEast","australiaeast","10.156.56.0/23","0","Production","No tags"
"4f08f72f-8bba-48b0-94cf-3c8b172e24fe","GRP_GROUP_PRD_SUB","RG-PRD-INSIGHTFACTORY-MGMT-AZE","vNET01-PRD-IFCORE-AZE","/subscriptions/4f08f72f-8bba-48b0-94cf-3c8b172e24fe/resourceGroups/RG-PRD-INSIGHTFACTORY-MGMT-AZE/providers/Microsoft.Network/virtualNetworks/vNET01-PRD-IFCORE-AZE","australiaeast","10.150.88.0/22","7","Production","No tags"
"c4b9d367-0a3e-4a15-9a23-9b2480aa8ec0","GRP_NONPRD_SUB","databricks-rg-dbwsboxedwaze01-enlynmc7mdglq","workers-vnet","/subscriptions/c4b9d367-0a3e-4a15-9a23-9b2480aa8ec0/resourceGroups/databricks-rg-dbwsboxedwaze01-enlynmc7mdglq/providers/Microsoft.Network/virtualNetworks/workers-vnet","australiaeast","10.139.0.0/16","2","Production","No tags"
"c4b9d367-0a3e-4a15-9a23-9b2480aa8ec0","GRP_NONPRD_SUB","dwnfoawmbld","dwnfoawmbld","/subscriptions/c4b9d367-0a3e-4a15-9a23-9b2480aa8ec0/resourceGroups/dwnfoawmbld/providers/Microsoft.Network/virtualNetworks/dwnfoawmbld","australiaeast","10.1.0.0/16","2","Production","No tags"
"c4b9d367-0a3e-4a15-9a23-9b2480aa8ec0","GRP_NONPRD_SUB","dwnfoawmdev1","dwnfoawmdev1","/subscriptions/c4b9d367-0a3e-4a15-9a23-9b2480aa8ec0/resourceGroups/dwnfoawmdev1/providers/Microsoft.Network/virtualNetworks/dwnfoawmdev1","australiaeast","10.1.0.0/16","2","Production","No tags"
"c4b9d367-0a3e-4a15-9a23-9b2480aa8ec0","GRP_NONPRD_SUB","dwnfoawmdev2","dwnfoawmdev2-64104ae1","/subscriptions/c4b9d367-0a3e-4a15-9a23-9b2480aa8ec0/resourceGroups/dwnfoawmdev2/providers/Microsoft.Network/virtualNetworks/dwnfoawmdev2-64104ae1","australiaeast","10.1.0.0/16","2","Production","No tags"
"c4b9d367-0a3e-4a15-9a23-9b2480aa8ec0","GRP_NONPRD_SUB","Marc-Test","Azure-V-01-vnet","/subscriptions/c4b9d367-0a3e-4a15-9a23-9b2480aa8ec0/resourceGroups/Marc-Test/providers/Microsoft.Network/virtualNetworks/Azure-V-01-vnet","australiaeast","10.2.0.0/16","4","Production","No tags"
"c4b9d367-0a3e-4a15-9a23-9b2480aa8ec0","GRP_NONPRD_SUB","NFRADM-TEST","infradm-VNET1","/subscriptions/c4b9d367-0a3e-4a15-9a23-9b2480aa8ec0/resourceGroups/NFRADM-TEST/providers/Microsoft.Network/virtualNetworks/infradm-VNET1","australiaeast","10.0.0.0/16","3","Production","No tags"
"c4b9d367-0a3e-4a15-9a23-9b2480aa8ec0","GRP_NONPRD_SUB","repair-IRVMDEVEDWAZE01-20240720150350","repair-IRVMDEV_VNET","/subscriptions/c4b9d367-0a3e-4a15-9a23-9b2480aa8ec0/resourceGroups/repair-IRVMDEVEDWAZE01-20240720150350/providers/Microsoft.Network/virtualNetworks/repair-IRVMDEV_VNET","australiaeast","10.0.0.0/16","1","Production","No tags"
"c4b9d367-0a3e-4a15-9a23-9b2480aa8ec0","GRP_NONPRD_SUB","repair-irvmdevedwaze01-20240720155251","repair-irvmdev_VNET","/subscriptions/c4b9d367-0a3e-4a15-9a23-9b2480aa8ec0/resourceGroups/repair-irvmdevedwaze01-20240720155251/providers/Microsoft.Network/virtualNetworks/repair-irvmdev_VNET","australiaeast","10.0.0.0/16","1","Production","No tags"
"c4b9d367-0a3e-4a15-9a23-9b2480aa8ec0","GRP_NONPRD_SUB","RG-DEV-DYN-ODS-NETWORK-AZE","vNET01-DEV-DYN-ODS-AZE","/subscriptions/c4b9d367-0a3e-4a15-9a23-9b2480aa8ec0/resourceGroups/RG-DEV-DYN-ODS-NETWORK-AZE/providers/Microsoft.Network/virtualNetworks/vNET01-DEV-DYN-ODS-AZE","australiaeast","10.150.186.0/26","3","Production","No tags"
"c4b9d367-0a3e-4a15-9a23-9b2480aa8ec0","GRP_NONPRD_SUB","RG-DEV-Package-Solution-Utils","vNET-DEV-PS","/subscriptions/c4b9d367-0a3e-4a15-9a23-9b2480aa8ec0/resourceGroups/RG-DEV-Package-Solution-Utils/providers/Microsoft.Network/virtualNetworks/vNET-DEV-PS","australiaeast","10.3.0.0/16","1","Production","No tags"
"c4b9d367-0a3e-4a15-9a23-9b2480aa8ec0","GRP_NONPRD_SUB","RG-DEV-RDS-DD-NETWORK-AZE","vNET-temp-firewall","/subscriptions/c4b9d367-0a3e-4a15-9a23-9b2480aa8ec0/resourceGroups/RG-DEV-RDS-DD-NETWORK-AZE/providers/Microsoft.Network/virtualNetworks/vNET-temp-firewall","australiaeast","10.197.0.0/18","3","Production","No tags"
"c4b9d367-0a3e-4a15-9a23-9b2480aa8ec0","GRP_NONPRD_SUB","RG-DEV-RDS-DD-NETWORK-AZE","vNET01-DEV-RDS-DD-AZE","/subscriptions/c4b9d367-0a3e-4a15-9a23-9b2480aa8ec0/resourceGroups/RG-DEV-RDS-DD-NETWORK-AZE/providers/Microsoft.Network/virtualNetworks/vNET01-DEV-RDS-DD-AZE","australiaeast","10.150.200.0/21","8","Production","No tags"
"c4b9d367-0a3e-4a15-9a23-9b2480aa8ec0","GRP_NONPRD_SUB","RG-GRP-NONPRD-AIS-SFTP-AZE","RG-GRP-NONPRD-AIS-SFTP-AZE-vnet","/subscriptions/c4b9d367-0a3e-4a15-9a23-9b2480aa8ec0/resourceGroups/RG-GRP-NONPRD-AIS-SFTP-AZE/providers/Microsoft.Network/virtualNetworks/RG-GRP-NONPRD-AIS-SFTP-AZE-vnet","australiaeast","10.0.0.0/24","1","Production","No tags"
"c4b9d367-0a3e-4a15-9a23-9b2480aa8ec0","GRP_NONPRD_SUB","RG-GRP-NonProd-DWN-DBA","vNET-NonProd-ORADB01-AZE","/subscriptions/c4b9d367-0a3e-4a15-9a23-9b2480aa8ec0/resourceGroups/RG-GRP-NonProd-DWN-DBA/providers/Microsoft.Network/virtualNetworks/vNET-NonProd-ORADB01-AZE","australiaeast","10.150.187.128/26","1","Production","No tags"
"c4b9d367-0a3e-4a15-9a23-9b2480aa8ec0","GRP_NONPRD_SUB","RG-NonProd-AIS-Networking","vNET-AIS-NonProd-AUEast","/subscriptions/c4b9d367-0a3e-4a15-9a23-9b2480aa8ec0/resourceGroups/RG-NonProd-AIS-Networking/providers/Microsoft.Network/virtualNetworks/vNET-AIS-NonProd-AUEast","australiaeast","10.150.168.0/21, 10.150.128.0/21","52","Production","No tags"
"c4b9d367-0a3e-4a15-9a23-9b2480aa8ec0","GRP_NONPRD_SUB","RG-NonProd-SQLMI-AZE","vNET-NonProd-SQLMI-AZE","/subscriptions/c4b9d367-0a3e-4a15-9a23-9b2480aa8ec0/resourceGroups/RG-NonProd-SQLMI-AZE/providers/Microsoft.Network/virtualNetworks/vNET-NonProd-SQLMI-AZE","australiaeast","10.150.185.0/24","3","Production","No tags"
"c4b9d367-0a3e-4a15-9a23-9b2480aa8ec0","GRP_NONPRD_SUB","RG-SPL-NonProd-Network-AUEast","vNET01-SPL-NonProd-AUEast","/subscriptions/c4b9d367-0a3e-4a15-9a23-9b2480aa8ec0/resourceGroups/RG-SPL-NonProd-Network-AUEast/providers/Microsoft.Network/virtualNetworks/vNET01-SPL-NonProd-AUEast","australiaeast","10.150.160.0/21","23","Production","No tags"
"c4b9d367-0a3e-4a15-9a23-9b2480aa8ec0","GRP_NONPRD_SUB","RG-TST-DYN-ODS-NETWORK-AZE","vNET01-TST-DYN-ODS-AZE","/subscriptions/c4b9d367-0a3e-4a15-9a23-9b2480aa8ec0/resourceGroups/RG-TST-DYN-ODS-NETWORK-AZE/providers/Microsoft.Network/virtualNetworks/vNET01-TST-DYN-ODS-AZE","australiaeast","10.150.186.64/26","3","Production","No tags"
"c4b9d367-0a3e-4a15-9a23-9b2480aa8ec0","GRP_NONPRD_SUB","RG-TST-EAS-AZE","vNET01-GRP-NPD-EAS-TST-AZE","/subscriptions/c4b9d367-0a3e-4a15-9a23-9b2480aa8ec0/resourceGroups/RG-TST-EAS-AZE/providers/Microsoft.Network/virtualNetworks/vNET01-GRP-NPD-EAS-TST-AZE","australiaeast","10.150.184.32/27","2","Production","No tags"
"c4b9d367-0a3e-4a15-9a23-9b2480aa8ec0","GRP_NONPRD_SUB","RG-TST-RDS-DD-NETWORK-AZE","vNET01-TST-RDS-DD-AZE","/subscriptions/c4b9d367-0a3e-4a15-9a23-9b2480aa8ec0/resourceGroups/RG-TST-RDS-DD-NETWORK-AZE/providers/Microsoft.Network/virtualNetworks/vNET01-TST-RDS-DD-AZE","australiaeast","10.150.208.0/21","8","Production","No tags"
"3eec82b4-e883-44ff-af95-6216fdd479f9","GRP_PRD_SUB","RG-GRP-Prod-DWN-DBA","vNET-Prod-ORADB01-AZE","/subscriptions/3eec82b4-e883-44ff-af95-6216fdd479f9/resourceGroups/RG-GRP-Prod-DWN-DBA/providers/Microsoft.Network/virtualNetworks/vNET-Prod-ORADB01-AZE","australiaeast","10.150.48.64/26","2","Production","No tags"
"3eec82b4-e883-44ff-af95-6216fdd479f9","GRP_PRD_SUB","RG-PRD-DYN-ODS-NETWORK-AZE","vNET01-PRD-DYN-ODS-AZE","/subscriptions/3eec82b4-e883-44ff-af95-6216fdd479f9/resourceGroups/RG-PRD-DYN-ODS-NETWORK-AZE/providers/Microsoft.Network/virtualNetworks/vNET01-PRD-DYN-ODS-AZE","australiaeast","10.150.52.0/24","3","Production","No tags"
"3eec82b4-e883-44ff-af95-6216fdd479f9","GRP_PRD_SUB","RG-PRD-EAS-AZE","vNET01-GRP-PRD-EAS-PRD-AZE","/subscriptions/3eec82b4-e883-44ff-af95-6216fdd479f9/resourceGroups/RG-PRD-EAS-AZE/providers/Microsoft.Network/virtualNetworks/vNET01-GRP-PRD-EAS-PRD-AZE","australiaeast","10.150.48.0/27","2","Production","No tags"
"3eec82b4-e883-44ff-af95-6216fdd479f9","GRP_PRD_SUB","RG-PRD-EAS-AZE","vNET02-GRP-PRD-EAS-PRD-AZE","/subscriptions/3eec82b4-e883-44ff-af95-6216fdd479f9/resourceGroups/RG-PRD-EAS-AZE/providers/Microsoft.Network/virtualNetworks/vNET02-GRP-PRD-EAS-PRD-AZE","australiaeast","10.150.48.32/28","1","Production","No tags"
"3eec82b4-e883-44ff-af95-6216fdd479f9","GRP_PRD_SUB","RG-PRD-RDS-DD-NETWORK-AZE","vNET01-PRD-RDS-DD-AZE","/subscriptions/3eec82b4-e883-44ff-af95-6216fdd479f9/resourceGroups/RG-PRD-RDS-DD-NETWORK-AZE/providers/Microsoft.Network/virtualNetworks/vNET01-PRD-RDS-DD-AZE","australiaeast","10.150.64.0/21","8","Production","No tags"
"3eec82b4-e883-44ff-af95-6216fdd479f9","GRP_PRD_SUB","RG-Prod-AIS-Networking","vNET01-AIS-Prod-AUEast","/subscriptions/3eec82b4-e883-44ff-af95-6216fdd479f9/resourceGroups/RG-Prod-AIS-Networking/providers/Microsoft.Network/virtualNetworks/vNET01-AIS-Prod-AUEast","australiaeast","10.150.32.0/21","17","Production","No tags"
"3eec82b4-e883-44ff-af95-6216fdd479f9","GRP_PRD_SUB","RG-Prod-SQLMI-AZE","vNET-Prod-SQLMI-AZE","/subscriptions/3eec82b4-e883-44ff-af95-6216fdd479f9/resourceGroups/RG-Prod-SQLMI-AZE/providers/Microsoft.Network/virtualNetworks/vNET-Prod-SQLMI-AZE","australiaeast","10.150.48.128/25","1","Production","No tags"
"3eec82b4-e883-44ff-af95-6216fdd479f9","GRP_PRD_SUB","RG-SPL-Prod-Network-AUEast","vNET01-SPL-Prod-AUEast","/subscriptions/3eec82b4-e883-44ff-af95-6216fdd479f9/resourceGroups/RG-SPL-Prod-Network-AUEast/providers/Microsoft.Network/virtualNetworks/vNET01-SPL-Prod-AUEast","australiaeast","10.150.24.0/21","9","Production","No tags"
"a758cf94-32c5-4c44-b12c-f55aee733b9e","GRP_TNI_NonPrd_SUB","RG-DBW-DEV-IFTNI-AZE01","workers-vnet","/subscriptions/a758cf94-32c5-4c44-b12c-f55aee733b9e/resourceGroups/RG-DBW-DEV-IFTNI-AZE01/providers/Microsoft.Network/virtualNetworks/workers-vnet","australiaeast","10.139.0.0/16","2","Production","No tags"
"a758cf94-32c5-4c44-b12c-f55aee733b9e","GRP_TNI_NonPrd_SUB","RG-DBW-TST-IFTNI-AZE01","workers-vnet","/subscriptions/a758cf94-32c5-4c44-b12c-f55aee733b9e/resourceGroups/RG-DBW-TST-IFTNI-AZE01/providers/Microsoft.Network/virtualNetworks/workers-vnet","australiaeast","10.139.0.0/16","2","Production","No tags"
"a758cf94-32c5-4c44-b12c-f55aee733b9e","GRP_TNI_NonPrd_SUB","RG-DEV-INSIGHTFACTORY-AZE","vNET01-TNI-Dev-AUEast","/subscriptions/a758cf94-32c5-4c44-b12c-f55aee733b9e/resourceGroups/RG-DEV-INSIGHTFACTORY-AZE/providers/Microsoft.Network/virtualNetworks/vNET01-TNI-Dev-AUEast","australiaeast","10.156.58.0/23","0","Production","No tags"
"a758cf94-32c5-4c44-b12c-f55aee733b9e","GRP_TNI_NonPrd_SUB","RG-DEV-INSIGHTFACTORY-MGMT-AZE","vNet02-Dev-IFCORE-AZE","/subscriptions/a758cf94-32c5-4c44-b12c-f55aee733b9e/resourceGroups/RG-DEV-INSIGHTFACTORY-MGMT-AZE/providers/Microsoft.Network/virtualNetworks/vNet02-Dev-IFCORE-AZE","australiaeast","10.150.224.0/23","5","Production","No tags"
"a758cf94-32c5-4c44-b12c-f55aee733b9e","GRP_TNI_NonPrd_SUB","RG-TST-INSIGHTFACTORY-AZE","vNET01-TNI-Test-AUEast","/subscriptions/a758cf94-32c5-4c44-b12c-f55aee733b9e/resourceGroups/RG-TST-INSIGHTFACTORY-AZE/providers/Microsoft.Network/virtualNetworks/vNET01-TNI-Test-AUEast","australiaeast","10.156.60.0/23","0","Production","No tags"
"a758cf94-32c5-4c44-b12c-f55aee733b9e","GRP_TNI_NonPrd_SUB","RG-TST-INSIGHTFACTORY-MGMT-AZE","Vnet01-Tst-IFCORE-AZE","/subscriptions/a758cf94-32c5-4c44-b12c-f55aee733b9e/resourceGroups/RG-TST-INSIGHTFACTORY-MGMT-AZE/providers/Microsoft.Network/virtualNetworks/Vnet01-Tst-IFCORE-AZE","australiaeast","10.150.226.0/24","5","Production","No tags"
"8dc30744-b433-4c4f-b73d-20f674f5f6e7","GRP_TNI_PRD_SUB","RG-DBW-PRD-IFTNI-AZE01","workers-vnet","/subscriptions/8dc30744-b433-4c4f-b73d-20f674f5f6e7/resourceGroups/RG-DBW-PRD-IFTNI-AZE01/providers/Microsoft.Network/virtualNetworks/workers-vnet","australiaeast","10.139.0.0/16","2","Production","No tags"
"8dc30744-b433-4c4f-b73d-20f674f5f6e7","GRP_TNI_PRD_SUB","RG-PRD-INSIGHTFACTORY-AZE","vNET01-TNI-Prod-AUEast","/subscriptions/8dc30744-b433-4c4f-b73d-20f674f5f6e7/resourceGroups/RG-PRD-INSIGHTFACTORY-AZE/providers/Microsoft.Network/virtualNetworks/vNET01-TNI-Prod-AUEast","australiaeast","10.156.62.0/23","0","Production","No tags"
"8dc30744-b433-4c4f-b73d-20f674f5f6e7","GRP_TNI_PRD_SUB","RG-PRD-INSIGHTFACTORY-MGMT-AZE","vNET01-PRD-IFCORE-AZE","/subscriptions/8dc30744-b433-4c4f-b73d-20f674f5f6e7/resourceGroups/RG-PRD-INSIGHTFACTORY-MGMT-AZE/providers/Microsoft.Network/virtualNetworks/vNET01-PRD-IFCORE-AZE","australiaeast","10.150.92.0/22","7","Production","No tags"
"6a98632c-f5b5-44c3-b71e-cbd3710c778f","HUB_NONPRD_SUB","repair-AUAZEDHNWAD001-20240720144721","repair-AUAZEDH_VNET","/subscriptions/6a98632c-f5b5-44c3-b71e-cbd3710c778f/resourceGroups/repair-AUAZEDHNWAD001-20240720144721/providers/Microsoft.Network/virtualNetworks/repair-AUAZEDH_VNET","australiaeast","10.0.0.0/16","1","Production","No tags"
"6a98632c-f5b5-44c3-b71e-cbd3710c778f","HUB_NONPRD_SUB","repair-auazedwnwat003-20240720172146","repair-auazedw_VNET","/subscriptions/6a98632c-f5b5-44c3-b71e-cbd3710c778f/resourceGroups/repair-auazedwnwat003-20240720172146/providers/Microsoft.Network/virtualNetworks/repair-auazedw_VNET","australiaeast","10.0.0.0/16","1","Production","No tags"
"6a98632c-f5b5-44c3-b71e-cbd3710c778f","HUB_NONPRD_SUB","repair-NZAZEDHNWAT001-20240720144729","repair-NZAZEDH_VNET","/subscriptions/6a98632c-f5b5-44c3-b71e-cbd3710c778f/resourceGroups/repair-NZAZEDHNWAT001-20240720144729/providers/Microsoft.Network/virtualNetworks/repair-NZAZEDH_VNET","australiaeast","10.0.0.0/16","1","Production","No tags"
"6a98632c-f5b5-44c3-b71e-cbd3710c778f","HUB_NONPRD_SUB","repair-nzazedhnwat001-20240720164602","repair-nzazedh_VNET","/subscriptions/6a98632c-f5b5-44c3-b71e-cbd3710c778f/resourceGroups/repair-nzazedhnwat001-20240720164602/providers/Microsoft.Network/virtualNetworks/repair-nzazedh_VNET","australiaeast","10.0.0.0/16","1","Production","No tags"
"6a98632c-f5b5-44c3-b71e-cbd3710c778f","HUB_NONPRD_SUB","RG-HUB-NonProd-ASR-Network-AUEast","vNET01-HUB-NonProd-Test-AUEast","/subscriptions/6a98632c-f5b5-44c3-b71e-cbd3710c778f/resourceGroups/RG-HUB-NonProd-ASR-Network-AUEast/providers/Microsoft.Network/virtualNetworks/vNET01-HUB-NonProd-Test-AUEast","australiaeast","10.150.170.0/24","1","Production","No tags"
"6a98632c-f5b5-44c3-b71e-cbd3710c778f","HUB_NONPRD_SUB","RG-NonProd-Network-AUEast","vNET01-NonProd-AUEast","/subscriptions/6a98632c-f5b5-44c3-b71e-cbd3710c778f/resourceGroups/RG-NonProd-Network-AUEast/providers/Microsoft.Network/virtualNetworks/vNET01-NonProd-AUEast","australiaeast","10.150.136.0/21, 10.150.192.0/21","9","Production","No tags"
"7e8fe05d-87ae-4f58-823f-636d176599d0","HUB_PRD_SUB","repair-NZAZEDHPWAP002-20240720160149","repair-NZAZEDH_VNET","/subscriptions/7e8fe05d-87ae-4f58-823f-636d176599d0/resourceGroups/repair-NZAZEDHPWAP002-20240720160149/providers/Microsoft.Network/virtualNetworks/repair-NZAZEDH_VNET","australiaeast","10.0.0.0/16","1","Production","No tags"
"7e8fe05d-87ae-4f58-823f-636d176599d0","HUB_PRD_SUB","RG-HUB-PRD-ActiveDirectory-AZE","vNET01-HUB-PRD-ActiveDirectory-AZE","/subscriptions/7e8fe05d-87ae-4f58-823f-636d176599d0/resourceGroups/RG-HUB-PRD-ActiveDirectory-AZE/providers/Microsoft.Network/virtualNetworks/vNET01-HUB-PRD-ActiveDirectory-AZE","australiaeast","10.150.51.128/25","2","Production","No tags"
"7e8fe05d-87ae-4f58-823f-636d176599d0","HUB_PRD_SUB","RG-HUB-Prod-ASR-Network-AUEast","vNET01-HUB-Prod-Test-AUEast","/subscriptions/7e8fe05d-87ae-4f58-823f-636d176599d0/resourceGroups/RG-HUB-Prod-ASR-Network-AUEast/providers/Microsoft.Network/virtualNetworks/vNET01-HUB-Prod-Test-AUEast","australiaeast","10.150.34.0/24","1","Production","No tags"
"7e8fe05d-87ae-4f58-823f-636d176599d0","HUB_PRD_SUB","RG-HUB-PROD-QUALYS-AZE","vNET02-Prod-AUEast","/subscriptions/7e8fe05d-87ae-4f58-823f-636d176599d0/resourceGroups/RG-HUB-PROD-QUALYS-AZE/providers/Microsoft.Network/virtualNetworks/vNET02-Prod-AUEast","australiaeast","10.150.49.0/24","1","Production","No tags"
"7e8fe05d-87ae-4f58-823f-636d176599d0","HUB_PRD_SUB","RG-HUB-PROD-SQLDB-AUEAST","AU_PRD_SUB-vNET01-Migrate-01","/subscriptions/7e8fe05d-87ae-4f58-823f-636d176599d0/resourceGroups/RG-HUB-PROD-SQLDB-AUEAST/providers/Microsoft.Network/virtualNetworks/AU_PRD_SUB-vNET01-Migrate-01","australiaeast","10.150.86.0/25","2","Production","No tags"
"7e8fe05d-87ae-4f58-823f-636d176599d0","HUB_PRD_SUB","RG-NZL-Prod-Network-AUEast","vNET01-NZL-PRD-ADtenix-AZE","/subscriptions/7e8fe05d-87ae-4f58-823f-636d176599d0/resourceGroups/RG-NZL-Prod-Network-AUEast/providers/Microsoft.Network/virtualNetworks/vNET01-NZL-PRD-ADtenix-AZE","australiaeast","10.150.50.128/25","1","Production","No tags"
"7e8fe05d-87ae-4f58-823f-636d176599d0","HUB_PRD_SUB","RG-NZL-Prod-Network-AUEast","vNET01-NZL-PRD-ADworks-AZE","/subscriptions/7e8fe05d-87ae-4f58-823f-636d176599d0/resourceGroups/RG-NZL-Prod-Network-AUEast/providers/Microsoft.Network/virtualNetworks/vNET01-NZL-PRD-ADworks-AZE","australiaeast","10.150.50.0/25","1","Production","No tags"
"7e8fe05d-87ae-4f58-823f-636d176599d0","HUB_PRD_SUB","RG-Prod-Network-AUEast","vNET01-Prod-AUEast","/subscriptions/7e8fe05d-87ae-4f58-823f-636d176599d0/resourceGroups/RG-Prod-Network-AUEast/providers/Microsoft.Network/virtualNetworks/vNET01-Prod-AUEast","australiaeast","10.144.0.0/16, 10.150.0.0/21, 10.150.56.0/21","21","Production","No tags"
"50f2a5d1-5d8b-482f-b23f-6595f72286e3","IDENTITY_SUB_01","RG-IDENTITY_SUB_01-Network-AUEast","vNET01-Identity-acudn-Prod","/subscriptions/50f2a5d1-5d8b-482f-b23f-6595f72286e3/resourceGroups/RG-IDENTITY_SUB_01-Network-AUEast/providers/Microsoft.Network/virtualNetworks/vNET01-Identity-acudn-Prod","australiaeast","10.156.0.0/24","2","Production","No tags"
"50f2a5d1-5d8b-482f-b23f-6595f72286e3","IDENTITY_SUB_01","RG-IDENTITY_SUB_01-Network-AUEast","vNET01-Identity-ADExternal-Prod","/subscriptions/50f2a5d1-5d8b-482f-b23f-6595f72286e3/resourceGroups/RG-IDENTITY_SUB_01-Network-AUEast/providers/Microsoft.Network/virtualNetworks/vNET01-Identity-ADExternal-Prod","australiaeast","10.156.4.0/24","2","Production","No tags"
"50f2a5d1-5d8b-482f-b23f-6595f72286e3","IDENTITY_SUB_01","RG-IDENTITY_SUB_01-Network-AUEast","vNET01-Identity-ADInternal-Prod","/subscriptions/50f2a5d1-5d8b-482f-b23f-6595f72286e3/resourceGroups/RG-IDENTITY_SUB_01-Network-AUEast/providers/Microsoft.Network/virtualNetworks/vNET01-Identity-ADInternal-Prod","australiaeast","10.156.3.0/24","2","Production","No tags"
"50f2a5d1-5d8b-482f-b23f-6595f72286e3","IDENTITY_SUB_01","RG-IDENTITY_SUB_01-Network-AUEast","vNET01-Identity-downergroup-Prod","/subscriptions/50f2a5d1-5d8b-482f-b23f-6595f72286e3/resourceGroups/RG-IDENTITY_SUB_01-Network-AUEast/providers/Microsoft.Network/virtualNetworks/vNET01-Identity-downergroup-Prod","australiaeast","10.156.6.0/24","2","Production","No tags"
"50f2a5d1-5d8b-482f-b23f-6595f72286e3","IDENTITY_SUB_01","RG-IDENTITY_SUB_01-Network-AUEast","vNET01-Identity-insideedirail-Prod","/subscriptions/50f2a5d1-5d8b-482f-b23f-6595f72286e3/resourceGroups/RG-IDENTITY_SUB_01-Network-AUEast/providers/Microsoft.Network/virtualNetworks/vNET01-Identity-insideedirail-Prod","australiaeast","10.156.7.0/24","2","Production","No tags"
"50f2a5d1-5d8b-482f-b23f-6595f72286e3","IDENTITY_SUB_01","RG-IDENTITY_SUB_01-Network-AUEast","vNET01-Identity-roche-Prod","/subscriptions/50f2a5d1-5d8b-482f-b23f-6595f72286e3/resourceGroups/RG-IDENTITY_SUB_01-Network-AUEast/providers/Microsoft.Network/virtualNetworks/vNET01-Identity-roche-Prod","australiaeast","10.156.2.0/24","2","Production","No tags"
"50f2a5d1-5d8b-482f-b23f-6595f72286e3","IDENTITY_SUB_01","RG-IDENTITY_SUB_01-Network-AUEast","vNET01-Identity-tenix-Prod","/subscriptions/50f2a5d1-5d8b-482f-b23f-6595f72286e3/resourceGroups/RG-IDENTITY_SUB_01-Network-AUEast/providers/Microsoft.Network/virtualNetworks/vNET01-Identity-tenix-Prod","australiaeast","10.156.1.0/24","2","Production","No tags"
"50f2a5d1-5d8b-482f-b23f-6595f72286e3","IDENTITY_SUB_01","RG-IDENTITY_SUB_01-Network-AUEast","vNET01-Identity-works-Prod","/subscriptions/50f2a5d1-5d8b-482f-b23f-6595f72286e3/resourceGroups/RG-IDENTITY_SUB_01-Network-AUEast/providers/Microsoft.Network/virtualNetworks/vNET01-Identity-works-Prod","australiaeast","10.156.5.0/24","2","Production","No tags"
"50f2a5d1-5d8b-482f-b23f-6595f72286e3","IDENTITY_SUB_01","RG-PROD-ADFS-WAP-AUEAST","testadfsvnet","/subscriptions/50f2a5d1-5d8b-482f-b23f-6595f72286e3/resourceGroups/RG-PROD-ADFS-WAP-AUEAST/providers/Microsoft.Network/virtualNetworks/testadfsvnet","australiaeast","10.2.0.0/16","1","Production","No tags"
"50f2a5d1-5d8b-482f-b23f-6595f72286e3","IDENTITY_SUB_01","RG-TestVnet-AE","testvnetradius","/subscriptions/50f2a5d1-5d8b-482f-b23f-6595f72286e3/resourceGroups/RG-TestVnet-AE/providers/Microsoft.Network/virtualNetworks/testvnetradius","australiaeast","10.0.0.0/16","1","Non-Production","No tags"
"8596f170-de6d-49c6-be0b-2875e9694dd9","LGY_NONPRD_SUB","RG-LGY-NonProd-Network-AUEast","vNET01-LGY-NonProd-AUEast","/subscriptions/8596f170-de6d-49c6-be0b-2875e9694dd9/resourceGroups/RG-LGY-NonProd-Network-AUEast/providers/Microsoft.Network/virtualNetworks/vNET01-LGY-NonProd-AUEast","australiaeast","10.150.176.0/21","13","Production","No tags"
"00081bc7-1fab-4ced-954f-381ee6c52437","LGY_PRD_SUB","RG-LGY-Prod-Network-AUEast","vNET01-LGY-Prod-AUEast","/subscriptions/00081bc7-1fab-4ced-954f-381ee6c52437/resourceGroups/RG-LGY-Prod-Network-AUEast/providers/Microsoft.Network/virtualNetworks/vNET01-LGY-Prod-AUEast","australiaeast","10.150.40.0/21","13","Production","No tags"
"a9ced750-733d-4574-8d1d-3caae72d9403","Management_SUB_01","RG-Management_SUB_01-Network-AUEast","vNET01-Management-Prod-AUEast","/subscriptions/a9ced750-733d-4574-8d1d-3caae72d9403/resourceGroups/RG-Management_SUB_01-Network-AUEast/providers/Microsoft.Network/virtualNetworks/vNET01-Management-Prod-AUEast","australiaeast","10.156.8.0/21","5","Production","No tags"
"a9ced750-733d-4574-8d1d-3caae72d9403","Management_SUB_01","Testvnet-RG","testvnet","/subscriptions/a9ced750-733d-4574-8d1d-3caae72d9403/resourceGroups/Testvnet-RG/providers/Microsoft.Network/virtualNetworks/testvnet","australiaeast","10.0.0.0/16","3","Non-Production","No tags"
"a626613f-7362-4a7a-af26-380893ffca33","Nuix_SUB","RG-AE-PROD-NUIX-01","vNET-AE-PROD-NUIX-01","/subscriptions/a626613f-7362-4a7a-af26-380893ffca33/resourceGroups/RG-AE-PROD-NUIX-01/providers/Microsoft.Network/virtualNetworks/vNET-AE-PROD-NUIX-01","australiaeast","10.156.26.128/25","2","Production","No tags"
"e138b8c1-a794-46a6-9697-f21e08a3ff27","NZ_AVS_PRD_SUB","RG-PRD-AVS-AZE","vNET01-NZL-PRD-AVS-AUEast","/subscriptions/e138b8c1-a794-46a6-9697-f21e08a3ff27/resourceGroups/RG-PRD-AVS-AZE/providers/Microsoft.Network/virtualNetworks/vNET01-NZL-PRD-AVS-AUEast","australiaeast","10.150.79.128/25","3","Production","No tags"
"f68901ba-3f12-475a-bbd5-f3a07b014dba","NZL_DEV_SUB","RG-TS-Sandbox","vNET99-DEV-FuseSDAPoc-AZE","/subscriptions/f68901ba-3f12-475a-bbd5-f3a07b014dba/resourceGroups/RG-TS-Sandbox/providers/Microsoft.Network/virtualNetworks/vNET99-DEV-FuseSDAPoc-AZE","australiaeast","10.0.0.0/16","2","Non-Production","No tags"
"f68901ba-3f12-475a-bbd5-f3a07b014dba","NZL_DEV_SUB","rgGeneralPurpose","rgGeneralPurpose-vnet","/subscriptions/f68901ba-3f12-475a-bbd5-f3a07b014dba/resourceGroups/rgGeneralPurpose/providers/Microsoft.Network/virtualNetworks/rgGeneralPurpose-vnet","australiaeast","192.168.128.0/24","1","Non-Production","No tags"
"c8c2a8de-2c7f-418d-b888-18e77e4dd890","NZL_NONPRD_SUB","DXC-Maint-RG","DXC-Maint-RG-vnet","/subscriptions/c8c2a8de-2c7f-418d-b888-18e77e4dd890/resourceGroups/DXC-Maint-RG/providers/Microsoft.Network/virtualNetworks/DXC-Maint-RG-vnet","australiaeast","10.0.0.0/16","1","Production","No tags"
"c8c2a8de-2c7f-418d-b888-18e77e4dd890","NZL_NONPRD_SUB","RG-NZL-NonProd-Network-AUEast","vNET01-NZL-NonProd-AUEast","/subscriptions/c8c2a8de-2c7f-418d-b888-18e77e4dd890/resourceGroups/RG-NZL-NonProd-Network-AUEast/providers/Microsoft.Network/virtualNetworks/vNET01-NZL-NonProd-AUEast","australiaeast","10.150.152.0/21","6","Production","No tags"
"7bb0d9a4-5a48-4968-abcf-855a12ecc02f","NZL_PRD_SUB","RG-NZL-Prod-Network-AUEast","vNET01-NZL-Prod-AUEast","/subscriptions/7bb0d9a4-5a48-4968-abcf-855a12ecc02f/resourceGroups/RG-NZL-Prod-Network-AUEast/providers/Microsoft.Network/virtualNetworks/vNET01-NZL-Prod-AUEast","australiaeast","10.150.16.0/21","7","Production","No tags"
"cc95f550-e73f-4063-8d2f-7997896aa5cb","RAIL_NonProd_SUB","RG-RAIL_NonProd-Network","vNET01-RAIL_NonProd","/subscriptions/cc95f550-e73f-4063-8d2f-7997896aa5cb/resourceGroups/RG-RAIL_NonProd-Network/providers/Microsoft.Network/virtualNetworks/vNET01-RAIL_NonProd","australiaeast","10.156.25.0/24","5","Production","No tags"
"cc95f550-e73f-4063-8d2f-7997896aa5cb","RAIL_NonProd_SUB","RG-RAIL_NonProd-Network_disconnected","vNET01-RAIL_NonProd_disconnected","/subscriptions/cc95f550-e73f-4063-8d2f-7997896aa5cb/resourceGroups/RG-RAIL_NonProd-Network_disconnected/providers/Microsoft.Network/virtualNetworks/vNET01-RAIL_NonProd_disconnected","australiaeast","10.0.0.0/16","2","Production","No tags"
"cc95f550-e73f-4063-8d2f-7997896aa5cb","RAIL_NonProd_SUB","RG-RAIL_UAT-B2B","rescuevm-vnet","/subscriptions/cc95f550-e73f-4063-8d2f-7997896aa5cb/resourceGroups/RG-RAIL_UAT-B2B/providers/Microsoft.Network/virtualNetworks/rescuevm-vnet","australiaeast","10.1.0.0/16","1","Production","No tags"
"d8c6b9dd-2772-407c-af18-0df0dc011077","RAIL_Prod_SUB","RG-RAIL_Prod-(TEST)Network","vNET01-RAIL_TEST-Prod","/subscriptions/d8c6b9dd-2772-407c-af18-0df0dc011077/resourceGroups/RG-RAIL_Prod-(TEST)Network/providers/Microsoft.Network/virtualNetworks/vNET01-RAIL_TEST-Prod","australiaeast","10.0.0.0/16","1","Production","No tags"
"d8c6b9dd-2772-407c-af18-0df0dc011077","RAIL_Prod_SUB","RG-RAIL_Prod-(TEST)Network","vNET01-RAIL_TEST2-Prod","/subscriptions/d8c6b9dd-2772-407c-af18-0df0dc011077/resourceGroups/RG-RAIL_Prod-(TEST)Network/providers/Microsoft.Network/virtualNetworks/vNET01-RAIL_TEST2-Prod","australiaeast","10.1.0.0/16","2","Production","No tags"
"d8c6b9dd-2772-407c-af18-0df0dc011077","RAIL_Prod_SUB","RG-RAIL_Prod-Network","vNET01-RAIL_Prod","/subscriptions/d8c6b9dd-2772-407c-af18-0df0dc011077/resourceGroups/RG-RAIL_Prod-Network/providers/Microsoft.Network/virtualNetworks/vNET01-RAIL_Prod","australiaeast","10.156.24.0/24","5","Production","No tags"
"eea9a659-ed70-4c32-ae74-04cfe7050215","SAP_NONPROD_SUB_01","RG-SAP-NONPROD_SUB_01-Network","vNET01-SAP_NONPROD-Prod","/subscriptions/eea9a659-ed70-4c32-ae74-04cfe7050215/resourceGroups/RG-SAP-NONPROD_SUB_01-Network/providers/Microsoft.Network/virtualNetworks/vNET01-SAP_NONPROD-Prod","australiaeast","10.156.20.0/22","4","Production","No tags"
"020cbbc6-28ec-4fd6-a2df-bf5f9c4fddb4","SAP_SUB_01","AzureBackupRG_australiaeast_1","test","/subscriptions/020cbbc6-28ec-4fd6-a2df-bf5f9c4fddb4/resourceGroups/AzureBackupRG_australiaeast_1/providers/Microsoft.Network/virtualNetworks/test","australiaeast","10.2.0.0/16","1","Non-Production","No tags"
"020cbbc6-28ec-4fd6-a2df-bf5f9c4fddb4","SAP_SUB_01","RG-Isolated-Copies-AZE","Clone-vnet-SAP-Prod-AUEast","/subscriptions/020cbbc6-28ec-4fd6-a2df-bf5f9c4fddb4/resourceGroups/RG-Isolated-Copies-AZE/providers/Microsoft.Network/virtualNetworks/Clone-vnet-SAP-Prod-AUEast","australiaeast","10.156.22.0/25","2","Production","No tags"
"020cbbc6-28ec-4fd6-a2df-bf5f9c4fddb4","SAP_SUB_01","RG-SAP_SUB_01-Network-AUEast","vNET01-SAP-Prod-AUEast","/subscriptions/020cbbc6-28ec-4fd6-a2df-bf5f9c4fddb4/resourceGroups/RG-SAP_SUB_01-Network-AUEast/providers/Microsoft.Network/virtualNetworks/vNET01-SAP-Prod-AUEast","australiaeast","10.156.16.0/22","4","Production","No tags"
"4a64f2e9-a3af-4f2c-9bfe-2d98ea526231","SCIS_NonProd_SUB","RG-SCIS_NonProd-Network","vNET01-SCIS_NonProd","/subscriptions/4a64f2e9-a3af-4f2c-9bfe-2d98ea526231/resourceGroups/RG-SCIS_NonProd-Network/providers/Microsoft.Network/virtualNetworks/vNET01-SCIS_NonProd","australiaeast","10.156.32.0/24","5","Production","No tags"
"0a983182-ea96-473a-847d-17a78e877d7b","SCIS_Prod_SUB","RG-SCIS_Prod-Network","vNET01-SCIS_Prod","/subscriptions/0a983182-ea96-473a-847d-17a78e877d7b/resourceGroups/RG-SCIS_Prod-Network/providers/Microsoft.Network/virtualNetworks/vNET01-SCIS_Prod","australiaeast","10.156.28.0/24","5","Production","No tags"
"ee1301f2-c4a1-4627-9485-5d77c2a9643a","Shared_Apps_NONPROD_SUB","RG-Shared_Apps_NONPROD_SUB-Network","vNET01-Shared_Apps_NONPROD","/subscriptions/ee1301f2-c4a1-4627-9485-5d77c2a9643a/resourceGroups/RG-Shared_Apps_NONPROD_SUB-Network/providers/Microsoft.Network/virtualNetworks/vNET01-Shared_Apps_NONPROD","australiaeast","10.156.29.0/24","5","Production","No tags"
"e0610693-dfe6-4f1a-ac97-42a94f6cc78c","Shared_Apps_PROD_SUB","RG-DIBI_Prod-Network","vNET01-DIBI_Prod","/subscriptions/e0610693-dfe6-4f1a-ac97-42a94f6cc78c/resourceGroups/RG-DIBI_Prod-Network/providers/Microsoft.Network/virtualNetworks/vNET01-DIBI_Prod","australiaeast","10.156.27.0/24","5","Production","No tags"
"06f856f5-9eb8-486a-a049-823f972499ec","SNO_EXT_SUB","RG-ECM-BI","VN-MEI-BI","/subscriptions/06f856f5-9eb8-486a-a049-823f972499ec/resourceGroups/RG-ECM-BI/providers/Microsoft.Network/virtualNetworks/VN-MEI-BI","australiaeast","10.0.0.0/21","6","Unknown","No tags"
"bd1cbd40-caec-4de8-904d-5d939a38b7f1","Visual Studio Enterprise Subscription  MPN","RG-ST-DatabricksManaged","workers-vnet","/subscriptions/bd1cbd40-caec-4de8-904d-5d939a38b7f1/resourceGroups/RG-ST-DatabricksManaged/providers/Microsoft.Network/virtualNetworks/workers-vnet","australiaeast","10.139.0.0/16","2","Unknown","No tags"
"bd1cbd40-caec-4de8-904d-5d939a38b7f1","Visual Studio Enterprise Subscription  MPN","RG-STU-Desktop","VN-STU-Desktop","/subscriptions/bd1cbd40-caec-4de8-904d-5d939a38b7f1/resourceGroups/RG-STU-Desktop/providers/Microsoft.Network/virtualNetworks/VN-STU-Desktop","australiaeast","10.1.0.0/16","1","Unknown","No tags"
"a606b479-c8b8-45ad-9208-eb87a4cf9755","Visual Studio Professional Subscription","databricks-rg-PS_Databricks_Dev_Prem_Trial-ka75mwmvz7sam","workers-vnet","/subscriptions/a606b479-c8b8-45ad-9208-eb87a4cf9755/resourceGroups/databricks-rg-PS_Databricks_Dev_Prem_Trial-ka75mwmvz7sam/providers/Microsoft.Network/virtualNetworks/workers-vnet","australiaeast","10.139.0.0/16","2","Non-Production","No tags"
